nct_id,title,status,phase,enrollment_target,enrollment_type,n_sites,states,sex,min_age,max_age,conditions,eligibility_snippet
NCT07684677,Effect of Participating in a Study of Causes of Pregnancy Loss on Mental Health Outcomes: A Target Trial Emulation Using the COPL Cohort and Danish National Registries,ACTIVE_NOT_RECRUITING,NA,30000,ESTIMATED,1,No US/listed site,FEMALE,18 Years,No upper limit,"Pregnancy Loss, Early, Major Depression, Anxiety, Stress (Psychology)",Inclusion Criteria: Age above 18 years Born in Denmark Verified intrauterine PL before 22 weeks' gestation treated at a ...
NCT06338215,Advice of Moderate Drinking Pattern Versus Advice on Abstention on Major Disease and Mortality,RECRUITING,NA,10000,ESTIMATED,1,Navarre,ALL,50 Years,75 Years,"All Cause Mortality, Cardiovascular Diseases, Invasive Cancer, Liver Cirrhosis, Type 2 Diabetes, Depression, Dementia, Injury Traumatic, Tuberculosis, Infections","Inclusion Criteria: Males aged 50-70 years, Women aged 55-75 years Drinkers of any alcoholic beverage initially consumin..."
NCT05369429,My Wellbeing Guide: A Novel Tool for Managing Stress and Improving Quality of Life,RECRUITING,NA,6516,ESTIMATED,1,Illinois,ALL,18 Years,No upper limit,"Cancer, Anxiety, Depressive Symptoms",Inclusion Criteria: a) having been reached out to by the study team for recruitment; (b) planned treatment and follow-up...
NCT06981598,Prevention of Psychological Health Problems Via Integrated Operational Support,RECRUITING,NA,5586,ESTIMATED,1,New York,ALL,18 Years,No upper limit,"Depression, Anxiety, Grief, Leadership, Dissatisfaction",Inclusion Criteria: Service members seeing a behavioral health (BH) technician. Currently embedded BH technicians. Exclu...
NCT07091032,Building Connections,RECRUITING,NA,3600,ESTIMATED,1,Massachusetts,ALL,18 Years,75 Years,"Cancer Colorectal, Cancer Cervix, Depression, Anxiety, Obesity","Inclusion Criteria: The general inclusion criteria involve being 18+, speaking English or Spanish, and meeting one or mo..."
NCT07613008,Effectiveness and Implementation of a Personalized mHealth Intervention for the Universal Prevention of Maternal Perinatal Mental Disorders,RECRUITING,NA,3000,ESTIMATED,1,Sevilla,ALL,18 Years,No upper limit,"Perinatal Depression, Perinatal Anxiety",Inclusion Criteria: - Inclusion Criteria (Women) Must receive an invitation to participate from a healthcare professiona...
NCT06306092,Promoting Teenage Sleep for Improved Mental Health and School Performance,RECRUITING,NA,3000,ESTIMATED,1,Skåne County,ALL,13 Years,19 Years,"Mental Health Issue, Insomnia, Depression, Anxiety, Daytime Sleepiness, Wellness, Psychological",Inclusion Criteria: Students in Swedish high schools and upper secondary schools. Exclusion Criteria: -
NCT06456307,Integration of Stepped Care for Perinatal Mood and Anxiety Disorders Among Women Attending MCH Clinics,RECRUITING,NA,2970,ESTIMATED,2,No US/listed site,FEMALE,14 Years,No upper limit,"Depression, Anxiety, Antenatal Depression, Postnatal Depression",Inclusion Criteria: Pregnant and ≥28 weeks gestation Attending ANC care at the facility ≥14 years old Screen positive fo...
NCT06978257,Digital Positive Affect Intervention Study,RECRUITING,NA,2400,ESTIMATED,1,No US/listed site,ALL,21 Years,64 Years,Mild to Moderate Anxiety and Depression,Inclusion criteria Adults aged between 21 and 64 years Proficient in written and spoken English Ability to provide infor...
NCT06465381,Safety Planning and Cognitive Behavioral Therapy for Adolescent Suicide Prevention in Mozambique,RECRUITING,NA,2100,ESTIMATED,7,No US/listed site,ALL,,No upper limit,Suicide Prevention,Inclusion Criteria: Inclusion criteria for suicide risk screening: 1. Youth enrolled in a secondary school in Sofala Pro...
NCT06545760,Admission to Kangaroo Mother Care (KMC) Ward and Maternal Postpartum Depression,RECRUITING,NA,1908,ESTIMATED,1,No US/listed site,ALL,1 Day,89 Years,"Low Birth Weight, Kangaroo Mother Care, Postpartum Depression, Neurodevelopmental Outcome, Pre-Term",Inclusion Criteria: -AIM #1-2 and #5 Mothers to newborns who are: 1) Birthweight between 1000-2000gm 2) Admitted to the ...
NCT05567640,Using Machine Learning to Optimize User Engagement and Clinical Response to Digital Mental Health Interventions,RECRUITING,NA,1800,ESTIMATED,1,Massachusetts,ALL,18 Years,No upper limit,"Anxiety Disorders and Symptoms, Depressive Symptoms",Inclusion Criteria: English-speaking adults Ages 18 or older Have a device that can connect to the internet.
NCT06034821,Comparative Effectiveness of ECT vs. KETAMINE Over the Lifespan,ENROLLING_BY_INVITATION,PHASE4,1500,ESTIMATED,10,"California, Maryland, Massachusetts, New York, Ohio, Ontario, Pennsylvania, Texas, Utah",ALL,18 Years,90 Years,Acute Suicidal Depression (ASD),Inclusion Criteria: 1. Considered by a clinician as appropriate for referral to treatment services for rapid reversal of...
NCT07264621,The University of Oregon ACCESS Project,ENROLLING_BY_INVITATION,NA,1440,ESTIMATED,13,Oregon,ALL,11 Years,No upper limit,"School Attendance, School Climate, School Engagement, School Exclusion, Externalizing Behavior, Disparities, Teacher-student Relationships, Stress, Emotional Regulation, Depression",School Inclusion Criteria: The middle school must be located in Oregon and serve a population with high levels of NIH-de...
NCT06770244,Positive Psychology-Based Intervention Program for Postpartum Depression Within Primary Healthcare System,ENROLLING_BY_INVITATION,NA,1438,ESTIMATED,1,Hubei,FEMALE,18 Years,No upper limit,Postpartum Depression (PPD),"Inclusion Criteria: age ≥18 years; women in the early stages of pregnancy; adequate cognitive, comprehension, and commun..."
NCT04900064,Evaluation of Primary Care Behavioral Health (PCBH) With the Addition of Self-help CBT - A Randomized Multicenter Trial,RECRUITING,NA,1242,ESTIMATED,4,"Halland County, Skåne County, Stockholm County, Uppsala County",ALL,18 Years,No upper limit,"Panic Disorder, Social Anxiety Disorder, Depression, Hypochondriasis, Insomnia, Generalized Anxiety Disorder, Burnout, Adjustment Disorders, Stress, Psychological, Obsessive-Compulsive Disorder, Life Stress, Life Style Induced Illness, Psychological Distress","Inclusion Criteria: All patients from age 18 who seek care at the PCC, who are deemed to be suitable for Behavioural Hea..."
NCT05860257,"Transforming Adolescent Mental Health Through Accessible, Scalable, Technology-supported Small-group Instruction",ACTIVE_NOT_RECRUITING,NA,1200,ESTIMATED,3,"Arizona, Oregon, Wisconsin",ALL,14 Years,65 Years,"Anxiety Depression, Suicidal Ideation",Inclusion Criteria: All students and teachers in target grades in participating schools. Exclusion Criteria: None.
NCT05006976,A Naturalistic Trial of Nudging Clinicians in the Norwegian Sickness Absence Clinic. The NSAC Nudge Study,ACTIVE_NOT_RECRUITING,NA,1180,ACTUAL,5,"Nordland, Troms Og Finnmark",ALL,23 Years,No upper limit,"Musculoskeletal Disorder, Anxiety Disorders, Depression, Fatigue, Pain, Occupational Exposure, Work Related Stress, Workplace Bullying, Employment, Sickness Absence, Return to Work","Inclusion Criteria: For the study, the single inclusion criteria is that the patient is offered a consultation or treatm..."
NCT05591937,S.T.A.N.D. Alacrity Center Signature Project,RECRUITING,NA,1000,ESTIMATED,1,California,ALL,18 Years,40 Years,"Depression, Anxiety",Inclusion Criteria: Currently enrolled in the East Los Angeles College Either uninsured or covered by California Medicai...
NCT06619366,The Impact of Coach-guided Risk Communication on the Risk of Major Depression,RECRUITING,NA,1000,ESTIMATED,1,Nova Scotia,ALL,18 Years,65 Years,"Major Depressive Episode, Risk Reduction, Self Efficacy","Inclusion Criteria: no MDE at baseline, or full remission for 2 months for those who had a past MDE (see below the quest..."
NCT05142384,ICBT (Internet Based Cognitive Behavioral Therapy) for Maternal Depression: Community Implementation in Head Start,RECRUITING,NA,960,ESTIMATED,1,Oregon,ALL,2 Years,No upper limit,Depression,"Inclusion Criteria: Mothers Elevated symptoms of depression (i.e., Patient Health Questionnaire or Edinburgh Postnatal D..."
NCT07807865,A Study to Asses Safety and Tolerability of ITI-1284 Given Alone or as an Additional Treatment in Participants With Generalized Anxiety Disorder (GAD),RECRUITING,PHASE3,900,ESTIMATED,1,California,ALL,18 Years,No upper limit,Generalized Anxiety Disorder,Inclusion criteria for Roll-over participants: Provide written informed consent before the initiation of any study speci...
NCT03810599,Patient-reported Outcomes in the Bergen Early Cardiac Rehabilitation Study,ACTIVE_NOT_RECRUITING,NA,870,ESTIMATED,1,No US/listed site,ALL,18 Years,No upper limit,Coronary Artery Disease,Inclusion Criteria: Diagnosis of coronary artery disease >=18 years of age Has performed a negative exercise test (bike ...
NCT06966401,Long-Term Study to Assess the Safety and Tolerability of NBI-1065845 as an Adjunctive Treatment in Participants With Major Depressive Disorder (MDD),RECRUITING,PHASE3,850,ESTIMATED,106,"Alabama, Arkansas, California, Connecticut, Florida, Georgia, Hampshire, Lativa, Maryland, Massachusetts, Missouri, New York, Ohio, Oklahoma, Ontario, Pennsylvania, South Yorkshire, Texas, Washington",ALL,18 Years,No upper limit,Major Depressive Disorder,Key Inclusion Criteria: Participant has a primary diagnosis of recurrent MDD (moderate or severe) or persistent depressi...
NCT06076317,Relevance of a Telemedicine Monitoring in the Management of Depression,RECRUITING,NA,836,ESTIMATED,1,No US/listed site,ALL,18 Years,No upper limit,Major Depressive Disorder,Inclusion Criteria: Age ≥ 18 years Presence of DSM5 criteria for the diagnosis of a characterized depressive episode Pat...
NCT04057378,Optimal Electrical Stimulus During Electroconvulsive Therapy,RECRUITING,PHASE4,800,ESTIMATED,1,No US/listed site,ALL,18 Years,No upper limit,"Depressive Disorder, Major, Depression, Bipolar","Inclusion Criteria: At least 18 years old at the time of inclusion Fulfilled diagnostic criteria for unipolar, or bipola..."
NCT05520983,BEhavioral Health Stratified Treatment (BEST) Study for Youth With Intellectual and/or Developmental Disabilities (IDD),ENROLLING_BY_INVITATION,NA,780,ESTIMATED,1,Illinois,ALL,13 Years,20 Years,"Depression, Anxiety, Transition","Inclusion Criteria: A) Youth ages 13 through 20 years, B) who have an I/DD (caregiver/self-report), and C) are enrolled ..."
NCT05772897,Parenting Skills Group for Mothers With Postpartum Depression,RECRUITING,NA,750,ESTIMATED,1,Colorado,FEMALE,18 Years,50 Years,Postpartum Depression,Inclusion Criteria: Mothers aged 18-50 years old with infants aged 3-14 months old Mothers who are experiencing symptoms...
NCT04845230,Fresh RX: NHS 2020,RECRUITING,NA,750,ESTIMATED,1,Missouri,FEMALE,14 Years,55 Years,"Premature Birth, Birth Weight, Post Partum Depression, Health Care Utilization, Nutrition Deficiency Due to Insufficient Food, Housing Problems, Fetal Complications, Food Deprivation",Inclusion Criteria: Female Pregnant Less than 24 weeks gestation Screening positive to a USDA two-item food insecurity s...
NCT05345834,The DC Mother-Infant Behavioral Wellness Program,ACTIVE_NOT_RECRUITING,NA,700,ESTIMATED,1,District of Columbia,FEMALE,18 Years,45 Years,"Perinatal Depression, Perinatal Anxiety, Prenatal Stress",Inclusion Criteria: Black/of African Descent Pregnant (gestational weeks ≤ 28 weeks) Age 18-45 English proficient Receiv...
NCT06874790,RCT for Latina Mental Health Using Web-Based Apps,RECRUITING,NA,700,ESTIMATED,1,California,FEMALE,18 Years,No upper limit,"Mental Health, Anxiety, Depression, Well-Being, Psychological",Inclusion Criteria: Latina (women who are from or have family ties to Latin America) Currently resides in LA or Orange C...
NCT07278466,The COMParing App Support Strategies Study,RECRUITING,NA,688,ESTIMATED,1,Wisconsin,ALL,18 Years,65 Years,"Depression, Anxiety","Inclusion Criteria: Elevated symptoms of depression and/or anxiety (PHQ-9 greater than or equal to 10, GAD-7 greater tha..."
NCT07227337,"Being Safe, Healthy, And Positively Empowered (BSHAPE) Intervention Study",RECRUITING,NA,676,ESTIMATED,1,Maryland,FEMALE,18 Years,No upper limit,"Post Traumatic Stress Disorder, Depression, Violence",Inclusion Criteria: age 18 or older foreign-born immigrant woman self-reported history of cumulative exposure to violenc...
NCT06722781,Trial of an Online Group Psychotherapy Intervention for Common Mental Health Disorders,RECRUITING,NA,660,ESTIMATED,2,South Yorkshire,ALL,17 Years,No upper limit,"Common Mental Health Problems, Anxiety, Depression Disorders","Inclusion Criteria: 17 years old and over Literate and fluent in the English language, which would enable group interact..."
NCT04290754,PATH 2 Purpose: Primary Care and Community-Based Prevention of Mental Disorders in Adolescents,ACTIVE_NOT_RECRUITING,NA,636,ACTUAL,1,Illinois,ALL,13 Years,19 Years,Depression,"Inclusion Criteria: Adolescents ages 13 through 19 years, and Adolescent must be experiencing an elevated level of depre..."
NCT02345122,CAMH PARTNERs Integrated Care Study,ACTIVE_NOT_RECRUITING,NA,635,ACTUAL,1,Ontario,ALL,18 Years,No upper limit,"Depression, Anxiety, Alcohol Drinking",Inclusion Criteria: 1. Age 18 and older 2. Receiving care from a Primary Care Provider at one of the participating healt...
NCT07557550,"Comparison of Two Relaxation Strategies Between Glasses, Virtual Reality Headset, and Without Relaxation Tool, in the Anxiety Preoperative of Orthopedic Adult Patients",RECRUITING,NA,632,ESTIMATED,1,Picardie,ALL,18 Years,No upper limit,"Relaxation, Virtual Reality, Anxiety Preoperative",Inclusion Criteria: Patient treated at the UAC D0 Orthopedic patient (arthroplasty mainly) Anesthesic procedure with gen...
NCT07031817,Validation of a Composite Medical Device Using a Blood Biomarker-based Algorithm and MDQ for the Diagnosis of Bipolar Disorder,RECRUITING,NA,623,ESTIMATED,1,No US/listed site,ALL,18 Years,65 Years,"Bipolar Disorder (BD), Major Depressive Episode (MDE), Primary Care, Major Depression","Inclusion Criteria : Cis man, cis woman, trans man, trans woman or non-binary, Aged 18 to 65 years old, Meets the DSM-5 ..."
NCT05538910,Defining Neurobiological Links Between Substance Use and Mental Illness,RECRUITING,NA,620,ESTIMATED,1,Maryland,ALL,18 Years,60 Years,"Major Depressive Disorder, Substance Use Disorder, Normal Physiology","INCLUSION CRITERIA: To be eligible for this study, an individual must meet all the following criteria assessed under the..."
NCT07310004,Virtual Reality vs. Music Relaxation for Reducing Anxiety and Pain During Breast Biopsies,RECRUITING,NA,600,ESTIMATED,1,California,FEMALE,18 Years,No upper limit,"Breast Biopsy, Anxiety, Pain",Inclusion Criteria: Females aged 18 years or older. Scheduled for an ultrasound-guided or stereotactic breast biopsy. Ca...
NCT06383221,"A Randomized Controlled Trial of the ""Psychological Training Camp & Obstetrician-Led Psychoprenatal Intervention (PICONI)"" Stepwise Intervention Model for Depression and Anxiety During Pregnancy.",ENROLLING_BY_INVITATION,NA,600,ESTIMATED,1,No US/listed site,FEMALE,18 Years,No upper limit,"Perinatal Depression, Stepped Care, Perinatal Anxiety","Inclusion Criteria: Pregnant women; Informed consent, able to complete the questionnaire independently; Positive first d..."
NCT04984512,The Efficacy And Safety Of Mitizodone Phosphate Tablets In The Treatment of Patient With Major Depressive Disorder,RECRUITING,"PHASE2, PHASE3",600,ESTIMATED,1,Guangdong,ALL,18 Years,65 Years,"Depressive Disorder, Major",Inclusion Criteria: 1.a Man or a woman with major depressive disorder(MDD) as the primary diagnosis according to the Dia...
NCT07774481,Anxiety Skills Study,RECRUITING,NA,600,ESTIMATED,1,Ohio,ALL,18 Years,No upper limit,"Anxiety, Anxiety Acute, Anxiety Chronic, Anxiety and Mood Disorders, Social Anxiety Disorder, Panic Disorder (With or Without Agoraphobia), Generalized Anxiety Disorder, Obsessive-Compulsive Disorder, Specific Phobia",Inclusion Criteria: Presence of clinically elevated anxiety Living in Ohio Exclusion Criteria: No access to a smartphone...
NCT06526078,Cognitive Training as an Adjunct to Ketamine in Real-world Clinics,RECRUITING,NA,600,ESTIMATED,3,"California, Illinois, Texas",ALL,18 Years,80 Years,Depression,Inclusion Criteria: 1. be between the ages of 18 and 80 years 2. score ≥20 on the Montgomery-Asberg Depression Rating Sc...
NCT05800509,Gestational Diabetes and Perinatal Depression: an Intervention Program,RECRUITING,NA,600,ESTIMATED,1,No US/listed site,ALL,20 Years,No upper limit,"Gestational Diabetes Mellitus, Postpartum Depression, Perinatal Depression",Inclusion Criteria: 1. The diagnosis of gestational diabetes mellitus. 2. No any history of disease before the pregnancy...
NCT07295652,Characterization of High-Level Cognitive Impairments in Patients With Neuropsychiatric Disorders,RECRUITING,NA,600,ESTIMATED,3,No US/listed site,ALL,18 Years,No upper limit,"Neurologic Disorders, Schizophrenia, Bipolar Disorder (BD), Depressive Disorder",Inclusion Criteria: For patients: Aged over 18 years Diagnosed with a psychiatric disorder according to ICD-10 by a psyc...
NCT06729541,Development and Application of Precision Treatment Strategies for Common Mental Disorders,RECRUITING,NA,600,ESTIMATED,1,Beijing Municipality,ALL,18 Years,65 Years,"Depression - Major Depressive Disorder, Schizophrenia Disorders, Bipolar Disorder (BD)","Inclusion Criteria: Schizophrenia: (1) Age 18-65 years, no gender restriction, Han ethnicity; (2) Diagnosis confirmed us..."
NCT07066631,The Pregnancy and Postpartum Mental Health Optimization Virtual Intervention Network,RECRUITING,NA,570,ESTIMATED,2,Ontario,FEMALE,18 Years,No upper limit,"Depression, Postpartum, Anxiety, Pregnancy",Inclusion Criteria: 1. Adult (age 18 years or older) 2. Pregnant or postpartum and living with their infant 0-6 months o...
NCT06942429,Stepped Versus Stratified Care for Anxiety Disorders in Youth,RECRUITING,NA,556,ESTIMATED,1,No US/listed site,ALL,8 Years,17 Years,"Social Anxiety Disorder, Separation Anxiety Disorder, Specific Phobia, Panic Disorder, Generalized Anxiety Disorder, Agoraphobia",Inclusion Criteria: 1. Aged 8.0 to 17.5 years. Confirmed by the child and/or caregiver. 2. Principal DSM-5-TR anxiety di...
NCT06887244,"Effectiveness of Nurse Tele-consultation on the Quality of Elective Colonoscopy, Procedure-related Anxiety, and Financial Toxicity",RECRUITING,NA,534,ESTIMATED,1,No US/listed site,ALL,18 Years,80 Years,"Patient Satisfaction and Efficacy of Bowel-preparation, Colon Cancer Prevention",Inclusion Criteria: Subjects eligible for outpatient pancolonoscopy: for diagnostic purposes; for screening purposes; fo...
NCT07484217,Clinical Assessment of Response in the Treatment of Depression With Daytime Sleepiness Using Solriamfetol,RECRUITING,PHASE3,508,ESTIMATED,40,"Arizona, California, Florida, Georgia, Illinois, Maryland, Massachusetts, Nevada, New Jersey, New York, Ohio, Oklahoma, Oregon, Tennessee, Texas",ALL,18 Years,65 Years,Major Depressive Disorder With Excessive Daytime Sleepiness Symptoms,"Inclusion Criteria: Currently meets the DSM-5 criteria for MDD without psychotic features, based on the SCID-5-CT Excess..."
NCT06569303,Filipino Family Health Initiative 1.0,RECRUITING,NA,500,ESTIMATED,1,California,ALL,8 Years,No upper limit,"Depression, Anxiety, Parenting",Inclusion Criteria: Parent or legal guardian of at least one child 8-12 years of age Parent or legal guardian is of Fili...
NCT04099056,Brain Stimulation and Decision-making,RECRUITING,NA,500,ESTIMATED,1,Georgia,ALL,18 Years,50 Years,Depression,Inclusion Criteria: Provides written informed consent Fluent English speaker Absence of current drug use as assessed by ...
NCT07299903,IMB-Based Sleep Hygiene Education for Menopausal Women: Effects on Sleep Quality and Depression,RECRUITING,NA,500,ESTIMATED,1,No US/listed site,FEMALE,45 Years,60 Years,"Insomnia, Depressive Symptoms",Inclusion Criteria: Being in menopause Being between 40 and 60 years of age Having a low sleep quality score according t...
NCT06830044,Evaluation of Efficacy and Safety of Milsaperidone as Adjunctive Therapy in Patients With Major Depressive Disorder,RECRUITING,PHASE3,500,ESTIMATED,38,"Arizona, Arkansas, California, Colorado, Florida, Illinois, Missouri, Nevada, New York, Pennsylvania, Texas, Washington",ALL,18 Years,65 Years,Major Depressive Disorder (MDD),"Inclusion Criteria: Male or female patient 18 to 65 years of age, inclusive; Meets DSM-5-TR criteria for MDD Currently h..."
NCT05772104,Clinical Trial of Shugan Jieyu Capsule in Generalized Anxiety Disorder,RECRUITING,PHASE3,495,ESTIMATED,1,No US/listed site,ALL,18 Years,65 Years,Generalized Anxiety Disorder,Inclusion Criteria: 1. Primary diagnosis of generalized anxiety disorder (GAD) as per Diagnostic and Statistical Manual ...
NCT06138730,Evaluating a Virtual Mentoring Program Plus Mental Health Videos for Teens,ACTIVE_NOT_RECRUITING,NA,475,ESTIMATED,1,California,ALL,13 Years,18 Years,"Depressive Symptoms, Anxiety Disorders and Symptoms",Inclusion Criteria (Youth): 13 to 18 years old Generalized Anxiety Disorder screen or Patient Health Questionnaire scree...
NCT06375083,Computerized Cognitive Behavioral Therapies for Suicide Prevention and Depression,RECRUITING,PHASE2,472,ESTIMATED,1,Colorado,ALL,18 Years,65 Years,"Suicide, Depression",Cohort A - cCBT-SP Program Inclusion Criteria: 1. Veterans between the ages of 18 and 65 2. Currently living in Colorado...
NCT04598230,Partners in Caring for Anxious Youth,ACTIVE_NOT_RECRUITING,PHASE3,468,ESTIMATED,3,"California, Illinois, Ohio",ALL,7 Years,17 Years,"Anxiety, Separation, Anxiety, Generalized, Anxiety, Social",Inclusion Criteria 1. Ages 7-17 years (inclusive at time of consent/assent) 2. Primary Diagnostic and Statistical Manual...
NCT06605105,Phase III Long-term Extension Trial to Assess Safety and Efficacy of CYB003 in MDD (EXTEND),ENROLLING_BY_INVITATION,PHASE3,468,ESTIMATED,33,"Arizona, California, Colorado, Florida, Georgia, Illinois, Maryland, Massachusetts, Nevada, New South Wales, New York, Ohio, Queensland, Tennessee, Texas, Utah, Victoria",ALL,18 Years,85 Years,Major Depressive Disorder,Inclusion Criteria: Has successfully completed either CYB003-002 APPROACH or CYB003-003 EMBRACE and received both dose a...
NCT06778785,Game-Based Digital Intervention for Depression in Adolescents,ACTIVE_NOT_RECRUITING,NA,450,ACTUAL,1,Sichuang,ALL,10 Years,18 Years,"Depression, Anxiety",Inclusion Criteria: The Mini International Neuropsychiatric Interview for Children and Adolescents (MINI-KID) will be us...
NCT06715852,Moving on! A Tailored Treatment in a Primary Care Setting for Individuals With Anxiety Disorders?,RECRUITING,NA,450,ESTIMATED,1,No US/listed site,ALL,18 Years,65 Years,Anxiety,"Inclusion Criteria: Clinical diagnosis of anxiety disorder (panic syndrome, 41.0; generalized anxiety, F41.1; mixed anxi..."
NCT07080489,Exploring the Role of the Prefrontal Cortex in Decision-Making,RECRUITING,NA,444,ESTIMATED,1,No US/listed site,ALL,20 Years,75 Years,"Depressive Disorder, Major Depressive Disorder, Healthy Volunteer, Aging",Inclusion Criteria (Healthy): Written Informed Consent Age between 20-40 or 60-75 years Fluent in German Normal or corre...
NCT07201844,The Effect of Patient Preference for Treatment Model in Internet Delivered Cognitive Behavior Therapy for Generalized Anxiety Disorder,RECRUITING,NA,440,ESTIMATED,1,Sverige,ALL,18 Years,No upper limit,Generalized Anxiety Disorder (GAD),"Inclusion Criteria: 18 years or older. Meet diagnostic criteria for GAD according to DSM-5, as assessed by a psychologis..."
NCT07138664,Promoting Mental Health Among At-risk Adolescents in Malaysia,RECRUITING,NA,428,ESTIMATED,5,"Sabah, Sarawak, Selangor",ALL,12 Years,14 Years,"Depression in Adolescence, Anxiety","Inclusion Criteria: 1. Adolescent (aged 12-14) who are in the first two years (Form 1 and Form 2, equivalent to year 7 a..."
NCT06755710,Patient Engagement in PTSD Treatment (PEP),RECRUITING,NA,427,ESTIMATED,1,Capital Region,ALL,18 Years,No upper limit,"PTSD, Depression Disorders, Patient Engagement",In- and exclusion criteria of the randomised controlled trial for Psychotherapeutic Unit Inclusion Criteria: Adults (18 ...
NCT05746767,Supporting Peer Interactions to Expand Access to Digital Cognitive Behavioral Therapy for Spanish-speaking Patients,ENROLLING_BY_INVITATION,NA,426,ESTIMATED,11,"Arizona, California, New Mexico",ALL,18 Years,No upper limit,"Depression, Anxiety","Inclusion Criteria: 1. PHQ-9 ≥ 10 or GAD-7 ≥ 8 2. Has access to the Internet via smartphone and/or broadband at home, an..."
NCT05973786,The Effect of a Six Week Intensified Pharmacological Treatment for Bipolar Depression Compared to Treatment as Usual in Subjects Who Had a First-time Treatment Failure on Their First-line Treatment.,RECRUITING,PHASE3,418,ESTIMATED,13,No US/listed site,ALL,18 Years,No upper limit,Bipolar Depression,"Inclusion criteria: 1. In- or out patients, at least 18 years of age. 2. Being willing and able to provide written infor..."
NCT04838210,"Elevating Voices, Addressing Depression, Toxic Stress and Equity in Group Prenatal Care",ACTIVE_NOT_RECRUITING,NA,416,ACTUAL,4,Missouri,FEMALE,13 Years,No upper limit,"Pregnancy Related, Perinatal Depression",Inclusion Criteria: English or Spanish speaking ≤18 weeks' gestation Established prenatal care at EleVATE site High-risk...
NCT05124639,Clinical Trial of a Group Self-management Support Program for Anxiety Disorders,ACTIVE_NOT_RECRUITING,NA,414,ACTUAL,1,Quebec,ALL,18 Years,No upper limit,"Panic Disorder, Agoraphobia, Social Anxiety Disorder, Generalized Anxiety Disorder","Inclusion Criteria: (1) aged 18 and over, (2) fluent in spoken and written French, (3) presence of symptoms of anxiety d..."
NCT06243614,Phase Ⅲ Clinical Trial of Buagafuran Capsules in the Treatment of GAD,RECRUITING,PHASE3,410,ESTIMATED,1,Beijing Municipality,ALL,18 Years,65 Years,Generalized Anxiety Disorder,"Inclusion Criteria: 1. Outpatients aged 18-65 years old, of both sexes; 2. Met the diagnostic and Statistical Manual of ..."
NCT06257095,Improving Adult Protective Services Client Outcomes: A Stepped-Care Social and Mental Health Engagement Program,RECRUITING,NA,400,ESTIMATED,1,Texas,ALL,65 Years,No upper limit,Depression in Old Age,Inclusion Criteria: Older Adults an APS validated EM/SN case able to provide informed consent able to speaks English or ...
NCT05849493,Effects and Mechanisms of Change of Internet Delivered Cognitive Behavior Therapy for Generalized Anxiety Disorder,ACTIVE_NOT_RECRUITING,NA,400,ESTIMATED,1,Huddinge,ALL,18 Years,No upper limit,Generalized Anxiety Disorder,"Inclusion criteria: 18 years or older. Meet diagnostic criteria for GAD according to DSM-5, as assessed by a psychologis..."
NCT07074795,Use of Nitrous Oxide During Office Hysteroscopy,ACTIVE_NOT_RECRUITING,NA,400,ESTIMATED,1,No US/listed site,FEMALE,18 Years,No upper limit,"Abnormal Uterine Bleeding, Postmenopausal Bleeding, Endometrial Polyps, Retained Products of Conception, Uterine Fibroids, Intrauterine Adhesions",Inclusion Criteria: Women aged ≥18 years Scheduled to undergo operative office hysteroscopy for clinical indications Exc...
NCT06455397,Building Emotional Awareness and Mental Health (BEAM) 2024-2027,RECRUITING,NA,400,ESTIMATED,1,Manitoba,ALL,18 Years,No upper limit,"Depression, Anxiety, Anger, Parenting, Stress, Psychological, Parent-Child Relations, Child Development","Inclusion Criteria: 1. Moderate to severe symptoms of depression, anxiety, parenting stress, and/or anger (as measured b..."
NCT06318962,Examining the Efficacy of a Digital Therapeutic to Prevent Suicidal Behaviors,RECRUITING,NA,400,ESTIMATED,1,Colorado,ALL,18 Years,No upper limit,"Suicidal Behaviors, Suicide Ideation, Depression/Anxiety",Inclusion Criteria: at least 18 years old suicidal ideation within the past week and/or a suicide attempt within the pas...
NCT07094503,Adolescent Chatbot,RECRUITING,PHASE2,400,ESTIMATED,1,Missouri,ALL,13 Years,19 Years,"Body Image Disturbance, Disordered Eating Behaviors, Eating Disorder Prevention",Inclusion Criteria 1. 13 - 19 years old 2. Owns a smartphone 3. Speaks English 4. US resident 5. Screens as at-risk for ...
NCT06005961,Module-Based Psychological (MBP) for Community Youths,ACTIVE_NOT_RECRUITING,NA,400,ESTIMATED,1,No US/listed site,ALL,12 Years,30 Years,"Mental Disorder, Depressive Symptoms, Anxiety Symptoms",Inclusion Criteria: 1. LevelMind@JC users aged from 12-30 2. Reported at-least mild mental distress 3. Have sufficient p...
NCT04845542,Promoting Resilience in Stroke Survivor-carepartner Dyads (ReStoreD),ACTIVE_NOT_RECRUITING,NA,400,ESTIMATED,1,Utah,ALL,18 Years,No upper limit,"Stroke, Depression, Anxiety, Coping Skills, Couples",Inclusion Criteria: Community-dwelling cohabitating couple where one partner has a had an ischemic or hemorrhagic stroke...
NCT04996433,A Comparison of Two Psychotherapy Programs in Persistently Depressed Treatment-Resistant Inpatients,RECRUITING,NA,396,ESTIMATED,8,State of Berlin,ALL,18 Years,75 Years,"Persistent Depressive Disorder, Treatment-resistant Depression","Inclusion Criteria: Primary DSM-5 diagnosis of PDD (300.4, 296.2x, 296.3x) Total Hamilton Depression Rating Scale (HDRS-..."
NCT07532551,Internet-Based Cognitive Behavioural Therapy (iCBT) for Anxiety and Depression in Singapore,RECRUITING,NA,390,ESTIMATED,3,No US/listed site,ALL,21 Years,No upper limit,"Depression and/or Anxiety in the Mild-to-moderate Range, Cognitive Behavioral Therapy",1. Quantitative Study - Patients Inclusion Criteria: Age ≥21 years Tier 2 - 3 depression and/or anxiety based on PHQ-9 a...
NCT06537869,iCBT for Seniors With Depression in Primary Care,RECRUITING,NA,390,ESTIMATED,1,No US/listed site,ALL,65 Years,No upper limit,"Depression Mild, Depression Moderate","Inclusion Criteria: All patients >65, attending PCCs engaged in the trial, with mood as well as somatic complaints will ..."
NCT06409247,iExposure Intervention for Social Anxiety,ACTIVE_NOT_RECRUITING,NA,390,ESTIMATED,1,California,ALL,18 Years,No upper limit,Social Anxiety,Inclusion Criteria: Age 18 or older Fluent in English Leibowitz Social Anxiety Scale > 47 and endorses both social anxie...
NCT06958692,A Trial of Dextromethorphan and Bupropion Sustained-Release Tablets in Patients With Major Depressive Disorder,RECRUITING,PHASE3,388,ESTIMATED,1,Beijing Municipality,ALL,18 Years,65 Years,Major Depressive Disorder (MDD),"Inclusion Criteria: 1. Male or female, Age 18 - 65, inclusive 2. Currently meets DSM-5 diagnosis of MDD without psychoti..."
NCT04092010,Improving Preschool Outcomes by Addressing Maternal Depression in Head Start,ACTIVE_NOT_RECRUITING,NA,388,ESTIMATED,1,Massachusetts,FEMALE,,No upper limit,Maternal Depression,Inclusion Criteria: Mother of a 0 to 5-year-old Head Start child Mother speaks English or Spanish Exclusion Criteria: Mo...
NCT05748613,Anxiety Sensitivity Treatment to Reduce Anxiety in Alzheimer's,RECRUITING,NA,388,ESTIMATED,3,"Florida, Ohio",ALL,60 Years,No upper limit,"Anxiety, Mild Cognitive Impairment, Alzheimer Disease, Dementia","Inclusion Criteria: DYAD Patient age 60+ Care partner 18+ Has care partner who will participate (""someone you have a rec..."
NCT06374277,Pharmacy-led Transitions of Care Intervention to Improve Medication Adherence,RECRUITING,NA,388,ESTIMATED,2,Tennessee,ALL,18 Years,No upper limit,"Diabetes, Hypertension, High Cholesterol/Hyperlipidemia, Coronary Artery Disease, Congestive Heart Failure, Chronic Lung Disease, Chronic Kidney Diseases, Arrythmia, Stroke, Depression, Anxiety, Pulmonary Embolism, Heart Attack",Inclusion Criteria: Medicaid or uninsured inpatients 21 years or older ≥2 of the complex chronic conditions during index...
NCT07767903,A Trial of the Efficacy and Safety of a Fixed Dose of SEP-363856 in Adults With Generalized Anxiety Disorder,RECRUITING,PHASE3,384,ESTIMATED,2,"New Jersey, New York",ALL,18 Years,No upper limit,Generalized Anxiety Disorder,Key Inclusion Criteria 1. Male or female participants at least 18 years of age at the time of informed consent 2. Primar...
NCT06372964,Multicenter Study of Lumateperone for the Treatment of Bipolar Depression in Pediatric Patients,RECRUITING,PHASE3,384,ESTIMATED,68,"Alabama, Arkansas, California, Colorado, Florida, Georgia, Illinois, Indiana, Maryland, Michigan, Missouri, Nebraska, New York, Ohio, Oklahoma, Texas, Virginia, Washington",ALL,10 Years,17 Years,Bipolar Depression,Inclusion Criteria: 1. Able to provide consent as follows: The Legally Authorized Representative (LAR) must provide writ...
NCT04777357,A Study to Assess Change in Disease Activity and Adverse Events (AEs) With Cariprazine in the Treatment of Depressive Episodes in Pediatric Participants Participants (10 to 17 Years of Age) With Bipolar I Disorder.,RECRUITING,PHASE3,380,ESTIMATED,81,"Arkansas, California, Florida, Georgia, Illinois, Indiana, Krasnodarskiy Kray, Louisiana, Maryland, Moscow, New Jersey, New York, North Carolina, Ohio, Oklahoma, Orenburg Oblast, Stavropol Kray, Texas, Utah, Washington",ALL,10 Years,17 Years,"Depression, Bipolar I Disorder","Inclusion Criteria: Participants with Diagnostic and Statistical Manual of Mental Disorders, Fifth Edition (DSM-5) prima..."
NCT06363266,A SMART Design to Optimize the Delivery of TEMPO for Men With Prostate Cancer and Their Caregivers,RECRUITING,NA,376,ESTIMATED,2,"Canada, Quebec",ALL,18 Years,No upper limit,"Cancer of the Prostate, Anxiety",Patient inclusion criteria: Prostate cancer diagnosis; Treatment for prostate cancer (excluding active surveillance) sch...
NCT05215353,A Study Comparing Music Therapy and Cognitive Behavioral Therapy for Anxiety in Cancer Survivors,RECRUITING,PHASE4,368,ESTIMATED,3,"Florida, New York, Pennsylvania",ALL,18 Years,No upper limit,Survivorship,Inclusion Criteria: English- or Spanish-speaking 18 years or older Prior cancer diagnosis of any type or stage Free of o...
NCT07085065,Distraction With Virtual Reality From Pain and Anxiety for Patients With Hematological Malignancies,RECRUITING,NA,365,ESTIMATED,1,Sfax Governorate,ALL,6 Years,No upper limit,"Pain Management, Anxiety, Procedures, Hematological Neoplasms",Inclusion Criteria being ≥ 6 years old having a confirmed diagnosis of a hematological malignancy undergoing at least on...
NCT05698394,Effect of Low-dose Esketamine on Maternal Depression at 3 Years After Childbirth,ACTIVE_NOT_RECRUITING,PHASE4,364,ACTUAL,4,"Hunan, Jiangsu, Zhejiang",FEMALE,18 Years,No upper limit,"Prenatal Depression, Ketamine, Postpartum Depression","All 364 pregnant women who participated in the underling trial ""Effect of low-dose esketamine on the incidence of postpa..."
NCT07161700,"An Open-Label Extension Study to Evaluate the Safety and Tolerability of SPT-300 (GlyphAllo) in Participants With Major Depressive Disorder, With or Without Anxious Distress (BUOY-1 OLE Study)",ENROLLING_BY_INVITATION,PHASE2,360,ESTIMATED,40,"Brandenburg, California, Connecticut, Florida, Georgia, Massachusetts, Mecklenburg-Vorpommern, Missouri, New York, Ohio, Texas",ALL,18 Years,66 Years,"Major Depressive Disorder (MDD), Major Depressive Disorder With Anxious Distress","Inclusion Criteria: Participant who completed treatment in Study SPT-300-2024-203 (i.e., participant who competed Visit ..."
NCT07621237,A Study to Evaluate TNX-102 SL Monotherapy Versus Placebo in Participants With Major Depressive Disorder (MDD),RECRUITING,PHASE2,360,ESTIMATED,25,"Arizona, California, Florida, Georgia, Illinois, Louisiana, Maryland, Massachusetts, Nevada, New York, South Carolina, Tennessee, Texas, Utah",ALL,18 Years,No upper limit,"Major Depressive Episode (MDE), Major Depressive Disorder (MDD), Depression",Inclusion Criteria: Primary DSM-5 diagnosis of current MDD. The duration of the current MDE must be between 6 weeks and ...
NCT07384273,Evaluating the Effectiveness of an Internet-based Therapy (iCARE) to Treat Symptoms of Postpartum Depression,RECRUITING,NA,352,ESTIMATED,1,No US/listed site,FEMALE,18 Years,No upper limit,Postpartum Depression (PPD),Inclusion Criteria: Given birth within 6 months Edinburgh Postnatal Depression Scale (EPDS) score above 7 ≥age 18 Access...
NCT03250026,Cooperation for Primary Care Patients on Sick Leave for CMD: Care Manager and Workplace Intervention - CO-WORK-CARE,ACTIVE_NOT_RECRUITING,NA,349,ACTUAL,1,Region Västra Götaland,ALL,18 Years,67 Years,"Depressive Disorder, Anxiety Disorders",Inclusion Criteria: Patients attending primary care centers with care manager function aged >=18 to 67 years diagnosed w...
NCT06467474,Psychoeducational Group for Depression,RECRUITING,NA,338,ESTIMATED,1,No US/listed site,ALL,18 Years,59 Years,Major Depressive Disorder (MDD,Inclusion: Both sexes; Ages between 18 and 65 years old; Diagnosis of Major Depressive Disorder (MDD) made by a clinicia...
NCT06996067,Essential Coaching Postpartum: Evaluating a Parent-focused Postpartum Text Message Program in Nova Scotia,RECRUITING,NA,332,ESTIMATED,1,Nova Scotia,ALL,18 Years,No upper limit,"Parenting Self-efficacy, Postpartum Anxiety, Postpartum Depression (PPD), Postpartum Stress, Mental Health, Co-parenting Practices",INCLUSION CRITERIA: Eligible birthing parents will early postpartum (<7 days) with their first child understand English ...
NCT06586619,A Remotely Delivered Tai Chi/Qigong Intervention for Older People Living With HIV,RECRUITING,NA,326,ESTIMATED,1,Florida,ALL,50 Years,75 Years,"Depressive Symptoms, Hiv","Inclusion Criteria: In order to be eligible to participate in this study, an individual must meet all of the following c..."
NCT02543983,Neurobiology of Suicide,RECRUITING,PHASE2,325,ESTIMATED,1,Maryland,ALL,18 Years,70 Years,"Healthy Volunteers, Depression",INCLUSION CRITERIA: Phase I: Groups 1-3 and 5 (Patients) 1. 18 to 70 years of age. 2. A level of understanding sufficien...
NCT05922878,Study of ALTO-300 in MDD,RECRUITING,PHASE2,321,ESTIMATED,45,"Arizona, Arkansas, California, Colorado, Connecticut, Florida, Georgia, Idaho, Illinois, Louisiana, Mississippi, Nevada, New Mexico, New York, North Carolina, Ohio, Oklahoma, Pennsylvania, Texas, Utah, Virginia",ALL,18 Years,70 Years,Major Depressive Disorder,"Inclusion Criteria: Have a diagnosis of moderate to severe major depressive disorder (MDD) At Visit 1, currently taking ..."
NCT05011864,Integrated Tele-Behavioral Activation and Fall Prevention for Low-income Homebound Seniors With Depression,RECRUITING,NA,320,ESTIMATED,1,Texas,ALL,50 Years,100 Years,"Depression, Unipolar, Fall",Inclusion Criteria: Age 50+ English or Spanish proficiency 24-item Hamilton Rating Scale for Depression score > 15 12-it...
NCT07174557,Remote Evaluation and Alerting for Collaborative Health (REACH) in Depression,RECRUITING,NA,320,ESTIMATED,2,New Hampshire,ALL,18 Years,No upper limit,"Depression, Major Depressive Disorder",Inclusion Criteria: Adult patients (18 years or older) Treated for depression within Dartmouth Health collaborative care...
NCT07167849,Study on a Digital Ultra-Brief Intervention During Wait Times for Psychotherapy,RECRUITING,NA,312,ESTIMATED,1,No US/listed site,ALL,18 Years,No upper limit,"Depressive Disorders, Anxiety Disorders",Inclusion Criteria: Read the patient information and return signed written informed consent sheet Currently waiting for ...
NCT06587230,Teachers Leading the Front Lines - North Carolina (Tealeaf-NC),RECRUITING,NA,312,ESTIMATED,1,North Carolina,ALL,5 Years,99 Years,"Child Behavior, Mental Health Issue, Psychosocial Functioning, Depression, Anxiety",Inclusion Criteria: Schools: Have been trained in either Tealeaf or RE-SEED in Summer 2024 or 2025 after being randomize...
NCT06057337,"Families With Pride (""Familias Con Orgullo"").",RECRUITING,NA,306,ESTIMATED,1,Florida,ALL,13 Years,19 Years,"Depression, Drug Use","Inclusion Criteria: Youth, 13 - 19, who report at least one of the following: a) identify as gay, lesbian, or bisexual, ..."
NCT07300969,A Study to Evaluate the Effectiveness of DT-101 in Patients With Depression,RECRUITING,PHASE2,300,ESTIMATED,43,"Arkansas, California, Florida, Georgia, Maryland, Massachusetts, Mississippi, Nevada, New Jersey, New York, Pennsylvania, Texas, Washington",ALL,18 Years,75 Years,Major Depressive Disorder (MDD),"Inclusion Criteria: The participant is able to read, understand and communicate in the local language used at the study ..."
NCT05400564,The Families and Middle School Success Project,ACTIVE_NOT_RECRUITING,NA,300,ESTIMATED,1,Oregon,ALL,,No upper limit,"Parenting, Parent-Child Relations, Self-regulation, Problem Behavior in School, School Adjustment, Depression",Inclusion Criteria: A caregiver must have a child between the ages of 11 and 14 The child must be a middle school studen...
NCT07391020,Text Message Safety Behavior Fading for Pathological Worry,RECRUITING,NA,300,ESTIMATED,1,Florida,ALL,18 Years,65 Years,"Generalized Anxiety Disorder (GAD), Worrying, Anxiety",Inclusion Criteria: - Elevated worry as defined by a score of 60 or higher on the PSWQ. Exclusion Criteria: Score of 59 ...
NCT07589621,Safety Behavior Fading Versus Progressive Muscle Relaxation for Appearance Concerns,RECRUITING,NA,300,ESTIMATED,1,Florida,ALL,18 Years,65 Years,"Body Dysmorphic Disorder, Eating Disorders, Social Anxiety Disorder",Inclusion Criteria: being between the ages of 18 and 65 years old having an internet-capable smart-phone scoring at or a...
NCT06949943,Pre-Operative Guided Meditation to Reduce Pre-Operative Anxiety in Patients Undergoing Cancer-Directed Surgery,RECRUITING,NA,300,ESTIMATED,1,Ohio,ALL,18 Years,No upper limit,"Hematopoietic and Lymphatic System Neoplasm, Malignant Solid Neoplasm",Inclusion Criteria: Participants will be recruited among patients who are scheduled for cancer-directed surgery Particip...
NCT07715591,Randomized Controlled Trial of the STEIN Protocol: A Neuroplastic Pain Education and Guided Breathing Intervention During Awake Cataract Surgery,RECRUITING,NA,300,ESTIMATED,1,California,ALL,,No upper limit,"Cataract, Cataract (Post-operative Cataract Surgery Follow-up)",Inclusion Criteria: Adults undergoing elective cataract surgery under topical anesthesia who are able to provide informe...
NCT07409298,Impact of an Artificial Intelligence-Based Management Model on Psychological and Behavioral Outcomes in Breast Cancer Patients Undergoing Home CDK4/6 Inhibitor Therapy,ENROLLING_BY_INVITATION,NA,300,ESTIMATED,1,No US/listed site,ALL,18 Years,80 Years,"CDK4/6 Inhibitors, Depression Anxiety Disorder, Breast Cancer","Inclusion Criteria: Females aged ≥ 18 years, regardless of menopausal status. Diagnosis of HR+/HER2- breast cancer. Curr..."
NCT07216326,Our Voices Matter: Intervention for Depression in Youth,RECRUITING,NA,300,ESTIMATED,1,Illinois,ALL,15 Years,20 Years,"Depressive Symptoms, Allostatic Load, Metabolic Syndrome",Inclusion Criteria: 1. 15-20 years old 2. Identify as Black and/ or Latinx 3. Speak English Exclusion Criteria: 1. Young...
NCT05461495,NYUCI-ES: Psychosocial Intervention to Improve Health Outcomes for Chinese and Korean ADRD Caregivers,ACTIVE_NOT_RECRUITING,NA,300,ESTIMATED,1,New York,ALL,50 Years,No upper limit,"Dementia Caregivers, Diabetes, Heart Disease, Overweight",Inclusion Criteria: A spouse or other family caregiver of Chinese or Korean ancestry living in New York City or Bergen C...
NCT04846777,Brief Smartphone Treatment Study,RECRUITING,NA,300,ESTIMATED,1,Pennsylvania,ALL,18 Years,No upper limit,Generalized Anxiety Disorder,Inclusion Criteria: Presence of Generalized Anxiety Disorder based on the Generalized Anxiety Disorder Questionnaire-IV ...
NCT05405803,To Improve Depressive Symptoms Using a Web-App,RECRUITING,NA,300,ESTIMATED,1,Texas,FEMALE,40 Years,60 Years,Depression,Inclusion Criteria: self-reported midlife Korean-American women aged 40 to 60 years whose parents and grandparents are o...
NCT06162741,Type I Hybrid Effectiveness-Implementation Trial of Primary Care Brief Mindfulness Training for Veterans,RECRUITING,NA,300,ESTIMATED,4,"Arizona, California, Missouri, New York",ALL,18 Years,No upper limit,"Post Traumatic Stress Disorder (PTSD), Depression, Anxiety","Inclusion Criteria: To be eligible, participants must be: enrolled in VA primary care through the local VA site report c..."
NCT06964867,Effectiveness of Multimedia Health Education to Reduce Anxiety in Patients With Vitreous Floaters,RECRUITING,NA,300,ESTIMATED,1,Jiangsu,ALL,,No upper limit,"Vitreous Floaters, Anxiety",Inclusion Criteria: 1. Clinical diagnosis of vitreous floaters; 2. Be able to complete questionnaires. Exclusion Criteri...
NCT07133893,Transcranial Photobiomodulation in Anxiety Disorders,RECRUITING,NA,280,ESTIMATED,1,Texas,ALL,18 Years,100 Years,Symptoms of Anxiety,Inclusion Criteria: 18 years of age and older State-Trait Anxiety Index (STAI) questionnaire score between 40-59 (indica...
NCT06854367,Accelerated vs. Conventional Theta Burst Stimulation for Late-life Depression,RECRUITING,NA,280,ESTIMATED,2,Ontario,ALL,60 Years,No upper limit,"Late Life Depression (LLD), Depression - Major Depressive Disorder, Depressive Disorder, Treatment-Resistant, Mood Disorders",Inclusion Criteria: 1. are voluntary and competent to consent to treatment 2. are an outpatient 3. are ≥ 60 years old 4....
NCT06582784,IMPACT (IMproving Proactive Approaches for Cancer Survivors' Mental Health Treatment),RECRUITING,NA,279,ESTIMATED,1,South Carolina,ALL,18 Years,No upper limit,"Depression, Depressive Symptoms, Cancer","Inclusion Criteria: Age > 18 years ILLIC (as determined during manual chart review) Elevated depressive symptoms, define..."
NCT05858346,Comparing TBT to Disorder-Specific Psychotherapy in Veterans With Social Anxiety Disorder,RECRUITING,NA,264,ESTIMATED,1,South Carolina,ALL,18 Years,80 Years,Social Anxiety Disorder,Inclusion Criteria: Participants must be Veterans and registered at Ralph H. Johnson Veterans Affairs Health Care System...
NCT06862830,The Effectiveness of Virtual Reality in the Management of Procedural Anxiety and Pain in Children Suffering From Chronic Pathologies or Burn Injuries.,ACTIVE_NOT_RECRUITING,NA,260,ACTUAL,1,Italy,ALL,3 Years,17 Years,"Anxiety, Chronic Disease, Pain",Eligibility Criteria: Inclusion The study population includes children who meet the following criteria: 1. Diagnosis of ...
NCT03276793,Brain Connectivity in Depression,RECRUITING,NA,260,ESTIMATED,4,"Massachusetts, Rhode Island",ALL,18 Years,No upper limit,Depression,Inclusion Criteria: 1. Male or female 2. Aged 18 or older 3. Have previously received or will once daily TMS treatment t...
NCT05551468,StayFine: Personalised Relapse Prevention of Anxiety and Mood Disorders in Youths,ACTIVE_NOT_RECRUITING,NA,254,ESTIMATED,1,No US/listed site,ALL,13 Years,21 Years,"Depressive Disorder, Anxiety Disorders","Inclusion Criteria: In order to be eligible to participate in this study, a subject must meet all of the following crite..."
NCT05384158,"Valuation in Depressed Mood, Anhedonia, and Anxiety",RECRUITING,NA,252,ESTIMATED,1,Virginia,ALL,25 Years,50 Years,Neurobehavioral Components of Reward and Loss Valuation,"Inclusion Criteria: mood, anxiety, or anhedonia symptoms that affect functioning; fluent in English; able to see compute..."
NCT06403995,Evidence-based Internet Cognitive-behavioral Therapy for Social Anxiety,RECRUITING,NA,252,ESTIMATED,2,Quebec,ALL,18 Years,No upper limit,Social Anxiety,Inclusion Criteria: Aged ≥18 years; and Speak and write in French or English; and Have access to the internet and a digi...
NCT07023692,Visual and Auditory Distraction for the Relief of Pain and Anxiety,ENROLLING_BY_INVITATION,NA,250,ESTIMATED,1,Skåne County,ALL,18 Years,No upper limit,"Bone Marrow Aspiration, Pain, Anxiety, Hematologic Diseases, Hematologic Disorders, Visual Distraction, Auditory Distraction",Inclusion Criteria: Adult (≥18 years) patients Adult (≥18 years) healthy volunteers without a hematological diagnosis un...
NCT07219394,Peer-Delivered Behavioral Activation in a CCBHC,RECRUITING,NA,250,ESTIMATED,1,Michigan,ALL,18 Years,No upper limit,"Major Depressive Disorder, Substance Use Disorders","Inclusion Criteria: Age 18 years old or older Report clinically-significant symptoms of depression, as indexed by a scor..."
NCT07577947,Health And Response: Digital Markers for Outcomes in Perinatal Depression Treatment Study,RECRUITING,NA,250,ESTIMATED,1,California,FEMALE,18 Years,No upper limit,"Depression, Perinatal Depression",Inclusion Criteria: At least 18 years of age Able to read and communicate in English Between 28 weeks pregnant and 12 we...
NCT05989451,Adaptation of Individual Dialectical Behavior Therapy Intervention for Transdiagnostic Treatment of Emotional Disorders,RECRUITING,NA,250,ESTIMATED,1,No US/listed site,ALL,18 Years,65 Years,"Anxiety Disorder, Depressive Disorder",Inclusion Criteria: 1. Mandarin Chinese-language proficiency sufficient to complete the study questionnaire 2. A current...
NCT07398898,Use of Augmented Reality Glasses and Noise-Cancelling Headphones to Reduce Dental Anxiety in Adult Patients,RECRUITING,NA,250,ESTIMATED,1,Masovian Voivodeship,ALL,18 Years,No upper limit,"Dental Anxiety, Music Therapy, Oral Surgical Procedures","Inclusion Criteria: Age ≥ 18 years Qualified for one of the following dental procedures: supragingival scaling, curettag..."
NCT06625892,Investigating the Related Factors and Outcome of Kinesiophobia and the Effects of Multidimensional Interventions in Cardiac Surgery Patients,RECRUITING,NA,245,ESTIMATED,1,No US/listed site,ALL,18 Years,100 Years,Cardiac Diseases Requiring Surgery,Inclusion Criteria: Patients received cardiac surgery. Aged 18 or above. Clear consciousness and able to communicate in ...
NCT06809595,A Phase 3 Trial of MM120 for Generalized Anxiety Disorder (Panorama),ACTIVE_NOT_RECRUITING,PHASE3,245,ACTUAL,36,"Arkansas, California, Florida, Georgia, Maryland, Massachusetts, New Jersey, Ohio, Texas, Washington",ALL,18 Years,74 Years,Generalized Anxiety Disorder,Inclusion Criteria: 1. Diagnosis of GAD per DSM-5 2. Male or female aged 18 to 74 3. HAM-A Total Score ≥20 Exclusion Cri...
NCT05369195,Cerebral Protection in Transcatheter Left Atrial Appendage Occlusion,RECRUITING,NA,240,ESTIMATED,6,No US/listed site,ALL,18 Years,No upper limit,"Atrial Fibrillation, Silent Stroke, Cognitive Impairment, Depression","Inclusion Criteria: 1. 18 Years and older 2. Subject able to provide signed informed consent. 3. Documented permanent, p..."
NCT05363371,Minds and Mentors Program- R33,ACTIVE_NOT_RECRUITING,NA,240,ESTIMATED,4,Alabama,ALL,19 Years,No upper limit,"Opioid Use Disorder, Substance Use Disorders, Medication Assisted Treatment",Inclusion Criteria: 1. Age 19 and older 2. Opioid Use disorder diagnosis based on DSM-V criteria in the past 30 days 3. ...
NCT05176392,Combined Transcranial Magnetic Stimulation and Therapy for MTBI Related Headaches,RECRUITING,NA,240,ESTIMATED,1,California,ALL,18 Years,65 Years,"TBI (Traumatic Brain Injury), Headache, Depression",Inclusion Criteria: 1. Mild Traumatic Brain Injury (mTBI) 2. Chronic headaches > 3 months after injury 3. Aged 18-65 4. ...
NCT05540067,Improving Mental Health Among the LGBTQ+ Community,ACTIVE_NOT_RECRUITING,PHASE2,240,ESTIMATED,1,Rhode Island,ALL,18 Years,No upper limit,"Anxiety, Depression",Inclusion Criteria: Present to recruitment clinic for any type of clinical care Identify as LGBTQ+ Self-reported ≥ mild ...
NCT06308653,Psilocybin for Major Depressive Disorder (MDD),ACTIVE_NOT_RECRUITING,PHASE3,238,ACTUAL,29,"Alabama, Arkansas, California, Colorado, Connecticut, Florida, Georgia, Illinois, Maryland, Missouri, Nebraska, New Jersey, New Mexico, New York, Texas, Utah, Washington",ALL,18 Years,No upper limit,"Depressive Disorder, Major","Inclusion Criteria: Adults ≥18 years old. Able to swallow capsules. If of childbearing potential, agree to practice an e..."
NCT06203899,Depression and Suicide Prevention in Adolescents Attending Special Schools,RECRUITING,NA,236,ESTIMATED,1,Noordoost Brabant,ALL,12 Years,18 Years,Depressive Symptoms,"Inclusion Criteria: Adolescents are in their second or third year of secondary education, ór adolescents will reach the ..."
NCT07110896,"Study Evaluating the Effect of Humiome® Post LB on Stress, Anxiety, and Cognition in Aging Adults",RECRUITING,NA,236,ESTIMATED,3,No US/listed site,ALL,50 Years,75 Years,Healthy Aging,"Inclusion Criteria 1. Participant is male or female, 50-75 years of age, inclusive. 2. Participant has a Body Mass Index..."
NCT04537195,Effects of a Lay-led Anxiety and Depression Self-management Program for Cancer Patients,ACTIVE_NOT_RECRUITING,NA,234,ESTIMATED,2,No US/listed site,ALL,18 Years,No upper limit,"Neoplasms, Anxiety, Self Efficacy, Psychological Distress, Cancer, Distress, Emotional, Depression, Group, Peer",Inclusion Criteria: Treated in Central Region Denmark Recently completed (< 1 yr.) primary treatment for cancer with cur...
NCT06604481,An Online Ecoaching RCT Intervention for Carers: Enhancing Wellbeing and Resilience Through Self-Help Strategies,RECRUITING,NA,232,ESTIMATED,1,No US/listed site,ALL,18 Years,No upper limit,"Caregiver Burden, Self Efficacy, Quality of Life, Anxiety Depression, Resilience","Inclusion Criteria: being an adult aged 18 or above with a family member aged 60 or above requiring caregiving, providin..."
NCT05921773,Functional Near-infrared Spectroscopy for Anxiety Monitoring and Neurofeedback.,RECRUITING,NA,232,ESTIMATED,1,No US/listed site,ALL,18 Years,No upper limit,Anxiety Disorders,Inclusion Criteria: Being diagnosed with generalized anxiety disorder (GAD) by psychiatrists based on DSM-V. Native Chin...
NCT06853587,Pharmacogenetic-Guided Antidepressant Prescribing in Adolescents With Anxiety and Depression,RECRUITING,NA,228,ESTIMATED,1,Alberta,ALL,12 Years,17 Years,Anxiety and Depression,"Inclusion Criteria: Age 12-17 Depression and/or anxiety as the primary concern, confirmed by the treating physician Inte..."
NCT06871397,Effectiveness of an Online Biopsychosocial Intervention to Improve Well-being and Mental Health During Pregnancy,RECRUITING,NA,228,ESTIMATED,1,Tarragona,FEMALE,18 Years,No upper limit,"Prenatal Anxiety, Prenatal Depression, Wellbeing, Obstetrical Complications, Postnatal Depression","Inclusion Criteria: Pregnant women Pregnancy of less than 15 weeks of gestation More than 18 years old age Able to read,..."
NCT03685422,Preoperative Virtual Reality to Reduce Pain on Gynaecologic Patients Undergoing Surgery,ACTIVE_NOT_RECRUITING,NA,220,ESTIMATED,1,No US/listed site,FEMALE,21 Years,70 Years,"Pain, Postoperative, Anxiety",Inclusion Criteria: Healthy participants who are ASA 1 & 2 (with well-controlled medical problems) Undergo day surgery o...
NCT04685148,Maternal Mental Health Trial,RECRUITING,"PHASE1, PHASE2",220,ESTIMATED,1,No US/listed site,FEMALE,18 Years,45 Years,"Major Depressive Disorder, Postpartum Depression",Inclusion Criteria: Singleton pregnant Prior history of perinatal depression Age between 18 and 45 years Exclusion Crite...
NCT06248203,Teachers Leading the Front Lines - Adolescent,RECRUITING,NA,216,ESTIMATED,1,West Bengal,ALL,13 Years,No upper limit,"Adolescent Behavior, Adolescent - Emotional Problem, Mental Health Issue, Psychosocial Functioning, Depression, Anxiety",Inclusion Criteria: Schools: LCP (Low-Cost Private) Secondary Schools Enrolled families earning <$10 daily Located in gr...
NCT06732141,Remote Anxiety Management for ICS-resistant Asthma Study,RECRUITING,NA,216,ESTIMATED,11,No US/listed site,ALL,18 Years,80 Years,Asthma,"Inclusion Criteria: 1. Age Requirement: Participants must be aged 18 to 80 years, ensuring they are adults capable of ma..."
NCT07107594,"Multimodal Prehabilitation Program That Combines Physical Exercise, Psychological Intervention and Nutritional Support to Improve the Response to Neoadjuvant Chemoterhapy in Early Breast Cancer Patients",RECRUITING,NA,214,ESTIMATED,1,No US/listed site,FEMALE,18 Years,No upper limit,"Breast Cancer Early Stage Breast Cancer (Stage 1-3), Prehabilitation","Inclusion Criteria: Histologically confirmed diagnosis of non-metastatic breast cancer: stages cT1-T4, cN0-N3, M0, and c..."
NCT05829681,Individualized Neuroimaging Biomarkers for Predicting rTMS Response in OCD,ACTIVE_NOT_RECRUITING,NA,212,ACTUAL,1,California,ALL,18 Years,80 Years,Obsessive-Compulsive Disorder,Inclusion Criteria: 1. Outpatient 2. Aged 18-80 3. Either sex and all ethno-racial categories. 4. Meets DSM-5 criteria f...
NCT05681767,Motivational Multicomponent Lifestyle Interventions as a Supportive Treatment for Depression in Primary Health Care,RECRUITING,NA,210,ESTIMATED,1,No US/listed site,ALL,18 Years,No upper limit,Depression,"Inclusion Criteria: adults ≥ 18 years depression (ICD-10, F32-F33) Beck Depression Inventory (BDI-1A) ≥ 10 points the in..."
NCT05869682,Bright White Light Therapy in Reducing Cancer-Related Fatigue and Depression in Advanced Prostate Cancer Patients Undergoing Treatment With ADT Combination Therapy,RECRUITING,PHASE2,210,ESTIMATED,1,California,MALE,60 Years,No upper limit,"Advanced Prostate Carcinoma, Metastatic Prostate Carcinoma, Prostate Carcinoma, Stage III Prostate Cancer AJCC v8, Stage IV Prostate Cancer AJCC v8",Inclusion Criteria: Participants must have histologically or cytologically confirmed prostate cancer Participants must h...
NCT06517121,tDCS in People With Subthreshold Depression,RECRUITING,NA,204,ESTIMATED,1,No US/listed site,ALL,18 Years,No upper limit,Subthreshold Depression,"Inclusion Criteria: No histories of learning impairment, major psychiatric disorders including Major Depressive Disorder..."
NCT07503951,Cognitive Behavior Therapy in Psychiatric Inpatient Care,RECRUITING,NA,204,ESTIMATED,1,No US/listed site,ALL,,No upper limit,"Depression, Anxiety Disorders, Psychiatric Inpatients",Inclusion Criteria: Admitted as patient in Psychiatric Inpatient Care Expected to remain admitted on the ward for at lea...
NCT07026838,Advancing Family Wellbeing Through a Massive Open Online Intervention: The LightBEAM Program,ACTIVE_NOT_RECRUITING,NA,202,ACTUAL,1,Manitoba,ALL,18 Years,No upper limit,"Depression, Anxiety, Anger, Parenting, Stress Psychological, Parent Child Relationship, Child Development",Inclusion Criteria: identify as a primary caregiver of any gender to an 18- to 107-month-old child reside in Canada with...
NCT07676110,The Impact of Enhanced Music & Natural Visuals on Emotional Health,RECRUITING,NA,200,ESTIMATED,3,"Colorado, Nebraska, Nevada",ALL,13 Years,No upper limit,"Emotion Management Skills, Lifestyle, Healthy, Lifestyle Intervention, Recovery, Exercise and Recovery, Exercise Training, Anxiety and Mood Disorders, Sleep, Motivation, Comfort, Pain Management, Rehabilitation, Creativity and Mindfulness","Inclusion Criteria: You are 13 years of age or older You can read, write, and speak English at a 5th-grade level or high..."
NCT07473648,Multimodal Clinical Study of Electroconvulsive Therapy and Magnetic Seizure Therapy,RECRUITING,NA,200,ESTIMATED,1,Anhui,ALL,12 Years,80 Years,"Electroconvulsive Therapy, Major Depressive Disorder, Magnetic Seizure Therapy",Inclusion Criteria: Aged 12-80 years; Diagnosis confirmed by two psychiatrists per DSM-5; Stable medication regimen pre-...
NCT06786624,Study to Assess the Efficacy and Safety of NBI-1065845 as an Adjunctive Treatment in Participants With Major Depressive Disorder (MDD),RECRUITING,PHASE3,200,ESTIMATED,18,"Arkansas, California, Florida, Massachusetts, New York, Ohio, Texas, Washington",ALL,18 Years,No upper limit,Major Depressive Disorder,Key Inclusion Criteria: Participant has a primary diagnosis of recurrent MDD (moderate or severe) or persistent depressi...
NCT06976697,Home-Based tDCS Treatment Of Major Depressive Disorder,RECRUITING,NA,200,ESTIMATED,1,Massachusetts,ALL,22 Years,70 Years,Major Depressive Disorder (MDD),"In short, Inclusion Criteria: 22 - 70 years of age Diagnosis of Unipolar MDD (DSM-V) PHQ-9 score of ≥12 AND MADRS score ..."
NCT06901128,"The Covideo Study - a Trial of Cognitive Therapy for Social Anxiety Disorder in Youth, Comparing Screen to Office Delivery",RECRUITING,NA,200,ESTIMATED,5,Innlandet,ALL,14 Years,18 Years,Social Anxiety Disorder (SAD),Inclusion Criteria: Social anxiety disorder primary Age 14 to 18 years. Norwegian fluency Exclusion Criteria: Severe Dep...
NCT06262464,An OCD Prevention Programme for at Risk Adults,RECRUITING,NA,200,ESTIMATED,1,Romania,ALL,18 Years,65 Years,Obsessive-Compulsive Disorder,Inclusion Criteria: - age over 18 Exclusion Criteria: clinically diagnosed OCD current psychiatric/psychotherapeutic tre...
NCT05603000,Emotion Focused Family Therapy for Parents of Children With Mental Health Difficulties,RECRUITING,NA,200,ESTIMATED,1,Ontario,ALL,7 Years,15 Years,"Anxiety, Depression, Behavior Problem","Inclusion Criteria: Parent of child aged 7 to 15 years old with anxiety, depression, or behavioural challenges Parent of..."
NCT05887713,Novel Mental Health Therapies to Improve Military Readiness,ACTIVE_NOT_RECRUITING,NA,200,ACTUAL,1,Nevada,ALL,18 Years,No upper limit,"Anxiety, Alpha Stim, Cranial Electrotherapy Stimulation, Cognitive Behavioral Therapy, Heart Rate Variability",Patients must be able to get care at Nellis Air Force Base (a military installation) in order to participate in this stu...
NCT05570344,rTMS With and Without Text4Support for the Treatment of Resistant Depression.,RECRUITING,NA,200,ESTIMATED,2,"Alberta, Nova Scotia",ALL,18 Years,No upper limit,"Depressive Disorder, Treatment-Resistant",Inclusion Criteria: aged 18 and above and diagnosed with MDD based upon the criteria of the Diagnostic and Statistical M...
NCT07686029,Use of Maltodextrins in the ERAS Preoperative Fasting Protocol in Pediatric Surgery,RECRUITING,NA,200,ESTIMATED,1,Piedmont,ALL,3 Years,17 Years,"Preoperative Care, Anxiety, Pediatric Surgery",Inclusion Criteria: Pediatric patients aged 3 to 17 years Patients undergoing elective surgery in a day surgery setting ...
NCT03238976,Nature Sounds as a Pain and Anxiety Reducing Strategy in Patients Undergoing Breast Core Biopsy,ACTIVE_NOT_RECRUITING,NA,200,ESTIMATED,1,Illinois,FEMALE,21 Years,No upper limit,Breast Cancer,Inclusion Criteria: 1) ≥ 21 years old 2) present for CNB 3) to be able to read and speak English 4) provide written info...
NCT07498179,Activation-Socialization Intervention Program for Seniors,ENROLLING_BY_INVITATION,NA,200,ESTIMATED,1,No US/listed site,ALL,62 Years,No upper limit,Healthy,"Inclusion Criteria for edlerly adults: age over 62 years, residence in a facility for seniors in in the Banská Bystrica ..."
NCT06956378,Health Questionnaire Study,ACTIVE_NOT_RECRUITING,NA,200,ESTIMATED,1,California,ALL,18 Years,No upper limit,"Depression, Anxiety",Inclusion Criteria: 18 or older U.S. resident Self-report being treated for or receiving a diagnosis generalized anxiety...
NCT07648654,"A Study Comparing the Hall Technique and Conventional Stainless-Steel Crowns in Carious Primary Molars : Clinical Outcomes, Anxiety, Time, and Cost-Effectiveness",RECRUITING,NA,200,ESTIMATED,1,No US/listed site,ALL,5 Years,8 Years,Hall Technique,Inclusion Criteria: Only patients aged between 5-8 years old will be included in the study. The following criteria is us...
NCT06576076,"Cannabis, Linked Emotions, and Adolescent Risk Study",RECRUITING,NA,200,ESTIMATED,1,Massachusetts,ALL,12 Years,18 Years,"Cannabis Use, Depression, Suicidal Ideation, Adolescent Behavior","Inclusion Criteria: Ages 12-18; Current daily or near daily cannabis use (i.e., use ≥ 4 days per week on average; Timeli..."
NCT07252947,Stress and Anxiety Effects on Valuation,RECRUITING,NA,200,ESTIMATED,1,New York,ALL,18 Years,65 Years,Reward Value Level,"Inclusion Criteria: Aims 1-3: To be eligible for participation in this study, an individual must meet all of the followi..."
NCT07480525,Efficacy and Mechanisms of Escitalopram in Drug-Naïve First-Episode Major Depressive Disorder,RECRUITING,NA,200,ESTIMATED,5,"Beijing Municipality, Hebei, Liaoning, Shandong",ALL,18 Years,65 Years,Depression - Major Depressive Disorder,"Inclusion Criteria: 1. Aged 18-65 years (including 18 and 65), no gender restriction, Han Chinese ethnicity. 2. Meets th..."
NCT07064551,Evaluation Study of Medical-Social Collaboration Model for Middle-aged and Older Adults With Depressive Symptoms,RECRUITING,NA,192,ESTIMATED,1,No US/listed site,ALL,45 Years,No upper limit,Depression,Inclusion Criteria: Currently awaiting psychiatric services provided by the Hospital Authority Have depressive symptoms ...
NCT06035211,Effect on Pre-operative Anxiety of a Personalized Three-dimensional Kidney Model Prior to Nephron-sparing Surgery- Rein 3D Anxiety,RECRUITING,NA,192,ESTIMATED,6,No US/listed site,ALL,18 Years,No upper limit,Tumoral Kidney,Inclusion Criteria: Adult patients (≥ 18 years of age) Scheduled surgical management by laparoscopic partial nephrectomy...
NCT06816186,The Impact of Multimedia Childbirth Prediction on Parturients and Their Spouses,RECRUITING,NA,190,ESTIMATED,1,Hsinchu,ALL,20 Years,No upper limit,Multimedia,"1. Low-risk first-time mothers over 20 years old and their spouses 2. Pregnancy >37 weeks, pregnancy <40 weeks 3. Single..."
NCT05474846,Combination Therapy for Treatment of Sleep Disturbance in Patients With Advanced Cancer,RECRUITING,"PHASE2, PHASE3",188,ESTIMATED,1,Texas,ALL,18 Years,No upper limit,"Sleep, Fatigue, Anxiety, Cancer, Depression","Inclusion Criteria: 1. presence of poor sleep quality, defined as Pittsburgh Sleep Quality Index (PSQI) total score ≥ 5,..."
NCT03903510,Virtual Reality During Pediatric Cast Removal,RECRUITING,NA,184,ESTIMATED,1,Minnesota,ALL,4 Years,12 Years,"Fractures, Bone",Inclusion Criteria: Sustained a fracture in their arm/leg No previous experience with a cast removal Must have at least ...
NCT06725160,Parent Encouragement And Coaching of Happiness in Youth,RECRUITING,NA,180,ESTIMATED,1,Pennsylvania,ALL,4 Years,99 Years,"Depression, Parent-Child Relations","Inclusion Criteria for Mothers: Birth mother (biologically female, any gender) Providing regular care for participating ..."
NCT05591677,D-Cycloserine Augmentation of Intermittent Theta Burst Stimulation (iTBS) in Depression (COGENT),ACTIVE_NOT_RECRUITING,PHASE2,180,ESTIMATED,1,Victoria,ALL,18 Years,No upper limit,Major Depressive Disorder,"Inclusion Criteria: Diagnosis of major depressive episode (MDE), in accordance with the Diagnostic and Statistical Manua..."
NCT04751331,Neural Response to Inflammatory Challenge in Major Depressive Disorder,RECRUITING,"PHASE1, PHASE2",180,ESTIMATED,1,Oklahoma,ALL,18 Years,65 Years,Major Depressive Disorder,Inclusion Criteria: Both healthy controls and depressed participants will be required to be in good general health (as e...
NCT07636694,Effects of Concurrent and Consecutive Repetitive Transcranial Magnetic Stimulation (rTMS) and Cognitive Bias Modification (CBM),RECRUITING,NA,180,ESTIMATED,1,Hong Kong Island,ALL,,No upper limit,Depression - Major Depressive Disorder,Inclusion Criteria: Aged 18 years or above Right-handed Normal or corrected hearing and vision Obtained primary educatio...
NCT06659315,Prevention of Mother-to-child Transmission (PMTCT) Among Women Experiencing Depression in Malawi,RECRUITING,NA,180,ESTIMATED,1,No US/listed site,ALL,18 Years,No upper limit,"HIV Antiretroviral Therapy (ART) Adherence, Perinatal Mental Health, Depression During Pregnancy, PMTCT",Inclusion Criteria: In a marriage or cohabitating union for at least 6 months. One member of the couple is a woman in th...
NCT06839859,Family Acceptance Project Online (Pilot RCT),RECRUITING,PHASE2,180,ESTIMATED,1,Michigan,ALL,14 Years,No upper limit,"LGBTQ, Racial Disparities, Family Relationships, Minority Stress, Depression, Anxiety, Drug Use, Teen Dating Violence, Sexual Risk Reduction",Inclusion Criteria (youth): 1. Identify as a sexual/gender minority (including youth questioning their sexual orientatio...
NCT06091527,Treating Major Depression With Yoga Mono-therapy,RECRUITING,NA,180,ESTIMATED,1,California,ALL,18 Years,No upper limit,"Depression Mild, Depression Moderate","Inclusion criteria: 18 years of age or older Able to give voluntary, informed consent English-speaking Diagnosis of clin..."
NCT05149742,Deafness and Cognition in Middle-aged Adults,RECRUITING,NA,180,ESTIMATED,1,No US/listed site,ALL,45 Years,64 Years,Mild Cognitive Impairment in Middle-aged Adults,Inclusion Criteria: Cases: Patients aged between 45 to 64 years with severe to profound bilateral post-lingual sensorine...
NCT06977178,Adverse Adolescent Pathways to Substance Use,RECRUITING,NA,180,ESTIMATED,1,North Carolina,ALL,12 Years,14 Years,"Anxiety, Adolescent Development, Substance Use","Inclusion Criteria: Male or female 12-14 years old, Report symptoms of anxiety Understand and sign an assent, and parent..."
NCT07132905,Mpata Yathu Trial for Young Women in Zambia,ACTIVE_NOT_RECRUITING,NA,180,ESTIMATED,2,No US/listed site,FEMALE,15 Years,24 Years,"HIV, Common Mental Health Problems, PTSD - Post Traumatic Stress Disorder, Depression Disorder, Anxiety","Inclusion Criteria: To be eligible for enrollment in the RCT, participants must meet the following criteria: 1. aged 15 ..."
NCT04765800,Differential Efficacy of Guided Imagery Psychotherapy: Non-Inferiority Trial and Exploration of Differential Indication,ACTIVE_NOT_RECRUITING,NA,180,ESTIMATED,1,Hesse,ALL,18 Years,70 Years,Emotional Disorders,"Inclusion Criteria: depressive disorder, anxiety disorder or somatic symptom disorder (with comorbid depressive or anxie..."
NCT05434130,Modulating Exercise Dosage to Improve Concussion Recovery,RECRUITING,"PHASE1, PHASE2",178,ESTIMATED,3,"Colorado, Massachusetts",ALL,13 Years,18 Years,"Concussion, Brain, Treatment, Aerobic Exercise, Inflammation, Depression, Anxiety",Inclusion Criteria: 13-18 years of age Post-Concussion Symptom Scale (PCSS) score >10 to ensure participants are not rec...
NCT06248710,Dog Presence and Oxytocin on Trust Towards Therapists,RECRUITING,"PHASE2, PHASE3",176,ESTIMATED,1,Canton of Basel-City,ALL,18 Years,No upper limit,"Depressive Symptoms, Human-Animal Interaction",Inclusion Criteria: Age ≥ 18 years Signed informed consent Exclusion Criteria: Pregnancy Being scared of dogs or dog hai...
NCT07660393,The Use of Virtual Reality Glasses in Women With Premature Rupture of Membranes,RECRUITING,NA,176,ESTIMATED,1,No US/listed site,FEMALE,18 Years,50 Years,"Fetal Health Anxiety, Prenatal Distress, Prenatal Attachment",Inclusion Criteria: Being 18 years of age or older Being nulliparous Having a diagnosis of preterm premature rupture of ...
NCT06232304,Transforming Care for Individuals With Childhood-onset Systemic Lupus Erythematosus,RECRUITING,NA,175,ESTIMATED,7,"Alabama, Louisiana, Michigan, New York, Ohio, Ontario, Washington",ALL,12 Years,22 Years,Systemic Lupus Erythematosus of Childhood (Disorder),"Inclusion Criteria: 1) be diagnosed with cSLE, meeting the revised American College of Rheumatology Classification Crite..."
NCT05269732,CBT for Postpartum Depression and Infant Emotion Regulation,ACTIVE_NOT_RECRUITING,NA,172,ESTIMATED,1,Ontario,FEMALE,18 Years,99 Years,Postpartum Depression,Inclusion Criteria: women 18 years of age or older understand and speak English (so that they can participate in the CBT...
NCT07203144,Selenium Supplementation for Improving Depression in Children and Adolescents: Efficacy and Mechanistic Study,RECRUITING,PHASE2,172,ESTIMATED,1,Chongqing Municipality,ALL,12 Years,18 Years,Depression - Major Depressive Disorder,Inclusion Criteria: Aged 12-18 years; Diagnosed with major depressive disorder according to the Diagnostic and Statistic...
NCT07354334,Effect of Listening to Surah Al-Inshirah (The Opening-Up of the Heart) After Cesarean Birth on Postpartum Outcomes,ENROLLING_BY_INVITATION,NA,172,ESTIMATED,1,Selçuklu,FEMALE,18 Years,45 Years,"Postpartum Depression, Maternal-Fetal Relations, Spirituality",Inclusion Criteria: Being literate Able to speak and understand Turkish Aged 18 years or older Primiparous women Having ...
NCT06597448,Public Health Nurse-Peer Co-Led Group Cognitive Behavioral Therapy for Postpartum Depression,ACTIVE_NOT_RECRUITING,NA,170,ESTIMATED,1,Ontario,FEMALE,18 Years,No upper limit,Postpartum Depression,"Inclusion Criteria: Mothers or birthing parents, 18 years old, have an infant under 12 months of age at recruitment, flu..."
NCT05579015,Predicting Illness Trajectories In Fully Remitted Major Depression Using Concurrent TBS/fNIRS,ACTIVE_NOT_RECRUITING,NA,170,ESTIMATED,1,No US/listed site,ALL,18 Years,60 Years,"Major Depression in Remission, Healthy",Inclusion Criteria: a clinical diagnosis of recurrent depressive disorder by an experienced psychiatrist but currently i...
NCT06913309,"Clinical Efficacy, Safety, and Applicability of Home-based Bright Light Therapy in Outpatient Adolescents With Major Depressive Disorder",RECRUITING,NA,168,ESTIMATED,3,"Beijing Municipality, Shanxi",ALL,13 Years,17 Years,"Depressive Disorder, Major",The inclusion and exclusion criteria for MDD patients： 1. inclusion criteria Meeting DSM-IV diagnostic criteria for a ma...
NCT07232823,Brief Culturally Adapted CBT for OCD,RECRUITING,NA,166,ESTIMATED,1,Punjab Province,ALL,18 Years,65 Years,"Obsessive-Compulsive Disorder, Cognitive Behavioral Therapy",Inclusion Criteria: Participants aged 18 years or above Participants with at least an elementary level of reading and wr...
NCT06004115,Processes and Circuitry Underlying Threat Sensitivity as a Treatment Target for Co-morbid Anxiety and Depression,RECRUITING,PHASE4,165,ESTIMATED,1,Oklahoma,ALL,18 Years,65 Years,"Depression, Anxiety, Fear, Depression, Anxiety and Fear, Anxiety Disorders, Anxious Depression",An individual must meet the following criteria to be considered eligible to participate in the study: Inclusion Criteria...
NCT06298279,Assessing Social Learning and Course Delivery Timing in Internet-delivered Cognitive Behaviour Therapy for Public Safety Personnel,RECRUITING,NA,164,ESTIMATED,1,Saskatchewan,ALL,18 Years,No upper limit,"Depression, Anxiety, Stress Disorders, Post-Traumatic",Inclusion Criteria: At least 18 years of age Current or former public safety personnel (or public safety personnel train...
NCT05543681,Clinical Trial on Agitation in Alzheimer's Dementia,RECRUITING,PHASE2,164,ESTIMATED,31,"Antioquia, Bayamón, British Columbia, Florida, Louisiana, Maryland, Missouri, New York, Oklahoma, Ontario, Quebec, Rhode Island, Texas, Virginia",ALL,60 Years,No upper limit,"Alzheimer Disease, Agitation,Psychomotor, Care Giving Burden, NPS, Aggression","To be eligible to participate in this study, the participant must meet all the following criteria: Inclusion Criteria 1...."
NCT06103760,Positioning of Esketamine Treatment in the Real-world Management of Depression,RECRUITING,PHASE4,162,ESTIMATED,1,New South Wales,ALL,18 Years,65 Years,Major Depressive Disorder,Inclusion Criteria: 1. Adults aged 18-65 years old 2. Diagnosis of Major Depressive Disorder (MDD) 3. Currently depresse...
NCT06278779,Comparative Effectiveness Study of Two Forms of Ketamine for Treatment-resistant Depression,RECRUITING,PHASE4,162,ESTIMATED,7,"New South Wales, Queensland, Victoria",ALL,18 Years,No upper limit,Treatment Resistant Depression,Inclusion Criteria: Adult with treatment-resistant depression (TRD: not responded adequately to at least two different a...
NCT07477990,Clinical Trial to Evaluate the Efficacy and Safety of the Aurora® Digital Medical Device in Adult Patients With Moderate to Severe Generalized Anxiety Disorder,RECRUITING,PHASE3,162,ESTIMATED,1,Mexico City,ALL,18 Years,65 Years,General Anxiety Disorder,Inclusion Criteria: Men and women aged ≥18 and ≤65 years. Diagnosis of generalized anxiety disorder (GAD) based on DSM-5...
NCT07232472,Wearable-Based Study of Depression and Sleep in Older Adults,ENROLLING_BY_INVITATION,NA,162,ESTIMATED,1,Alabama,ALL,60 Years,No upper limit,"Elderly Depression, Sleep Disturbance","Inclusion Criteria: 1. Subjects must meet the Diagnostic and Statistical Manual of Mental Disorders, Fifth Edition (DSM-..."
NCT06263738,Cold and Heat Investigation to Lower Levels of Depression,RECRUITING,NA,162,ESTIMATED,1,Colorado,ALL,18 Years,65 Years,"Depression, Mood Disorders, Healthy (Controls)",Inclusion Criteria: Individuals who currently meet study criteria for depression or individuals who do not currently mee...
NCT07404085,Epigenetic Enhancement of Cognitive Training in Aging Mood Disorder Populations,RECRUITING,NA,160,ESTIMATED,1,Capital Region of Denmark,ALL,40 Years,75 Years,"Bipolar Disorder (BD), Depression - Major Depressive Disorder, Cognitive Impairment","Inclusion Criteria: Confirmed ICD-10 diagnosis of BD or recurrent UD in partial, or full remission (Hamilton Depression ..."
NCT06250816,The Effects of Wearing Operation Gown With Cartoon Characters on Reducing Preoperative Anxiety in Children: Randomized Controlled Study,RECRUITING,NA,160,ESTIMATED,1,No US/listed site,ALL,4 Years,12 Years,"Anxiety, Preoperative",Inclusion Criteria: Patients who are planned to have elective orthopedic surgery Patients whose American Society of Anes...
NCT06415838,Behavioral Activation for the Prevention and Treatment of Depression in Older Adults in a Municipal Context,RECRUITING,NA,160,ESTIMATED,1,Sörmland,ALL,65 Years,No upper limit,"Depression, Depressive Symptoms","Inclusion Criteria: 65 years or older 5 points or above on the Geriatric Depression Scale 15, GDS-15 Fluent in written a..."
NCT07692269,Mindfulness Intervention for Emotional Distress: An EEG Study,RECRUITING,NA,160,ESTIMATED,1,Beijing Municipality,ALL,18 Years,50 Years,"Emotional Distress, Anxiety, Depression, Stress (Psychology), Psychological",Inclusion Criteria: Adults aged 18-50 years Kessler Psychological Distress Scale (K10) score > 21 No systematic mindfuln...
NCT05625360,REmotely-delivered Supportive Programs for Improving Surgical Pain and disTrEss,ACTIVE_NOT_RECRUITING,PHASE3,160,ACTUAL,2,North Carolina,FEMALE,18 Years,No upper limit,"Postoperative Pain, Acute, Postoperative Depression, Anxiety, Sleep Disturbance, Malignant Female Reproductive System Neoplasm","Inclusion Criteria: In order to be eligible to participate in this study, an individual must meet all of the following c..."
NCT06818734,Implementation of a Clinical Decision Support Tool for Postpartum Depression,RECRUITING,NA,160,ESTIMATED,4,New York,FEMALE,18 Years,No upper limit,Postpartum Depression,Inclusion Criteria: 18 years or older being seen at one of participating clinics pregnancy at 20 week gestation or more ...
NCT07464886,Prefrontal Glutamatergic Modulation by NAC and MBCT for Depression in Youth,RECRUITING,PHASE3,160,ESTIMATED,1,Ohio,ALL,15 Years,24 Years,Mild Depression,"Inclusion Criteria: 1. age between 15 years, 0 months to 24 years, 11 months old; 2. presenting with mild depression, de..."
NCT07021508,Efficacy and Safety Assessment of Temporal Interference Stimulation to Improve Bipolar Depression,RECRUITING,NA,160,ESTIMATED,1,Zhejiang,ALL,18 Years,45 Years,Bipolar Depression,"Inclusion Criteria: right-handed, and have completed nine years of compulsory education; Meet the diagnostic criteria fo..."
NCT07345377,Study on Treatment Mechanisms and Efficacy Prediction of Individualized Transcranial Magnetic Stimulation in Adults With Irritable Bowel Syndrome Using Multimodal MRI and High-Throughput Sequencing,ENROLLING_BY_INVITATION,NA,160,ESTIMATED,1,Zhejiang,ALL,18 Years,75 Years,"Irritable Bowel Syndrome (IBS), Pain, Depressive Disorder, Major, Moderate",Inclusion Criteria: Meets the Rome IV diagnostic criteria for Irritable Bowel Syndrome (IBS); Has discontinued IBS-relat...
NCT07369544,The Effect of Preoperative Hugging With Family Members on Preoperative Anxiety Levels and Postoperative Pain,ACTIVE_NOT_RECRUITING,NA,160,ESTIMATED,1,No US/listed site,ALL,18 Years,75 Years,"Postoperative Pain Management, Anxiety, Non-Pharmacological Interventions",Inclusion Criteria: 18-75 years of age ASA 1 and ASA-2 patients Exclusion Criteria: emergency surgery malignancy surgery...
NCT05633901,Impact of Preop Video on Patient Anxiety,ACTIVE_NOT_RECRUITING,NA,160,ESTIMATED,2,Ohio,FEMALE,18 Years,No upper limit,"Prolapse, Vaginal, Prolapse, Uterine, Prolapse; Female","Inclusion Criteria: Prolapse surgery may include: apical repair with uterosacral ligament suspension, or sacrospinous/il..."
NCT07203534,ONC-MM-2407: The Effect of Virtual Reality Headsets on Pain and Anxiety in the Peri and Post Bone Marrow Biopsy Period,RECRUITING,NA,160,ESTIMATED,1,North Carolina,ALL,18 Years,No upper limit,Hematologic Malignancy,Inclusion Criteria: 1. Ability to understand and willingness to sign an IRB-approved informed consent directly. 2. Must ...
NCT06794034,"Efficacy of taVNS Versus Sham Stimulation in Reduing Depressive Symptoms in Patients With Epilepsy: a Multi-center, Double-blinded, Randomized, 20-week, Parallel-arm, Superiority Study",ACTIVE_NOT_RECRUITING,NA,158,ESTIMATED,5,Zhejiang,ALL,18 Years,No upper limit,Depressive Symptoms in Patients With Epilepsy,Inclusion Criteria: Adults age ≥18 Confirmed diagnosis of epilepsy (based on 2014 definition by ILAE) Having comorbidity...
NCT07201909,"CALM Study: Can A Prebiotic Fibre bLend Improve Stress, Mood, and Anxiety?",RECRUITING,NA,156,ESTIMATED,1,No US/listed site,ALL,18 Years,50 Years,Stress,Inclusion Criteria: Aged 18-50 years of age Capacity to give informed consent to participate in the study Able to comply...
NCT07284667,ACP-211 Monotherapy for Major Depressive Disorder With Inadequate Antidepressant Response,RECRUITING,PHASE2,153,ESTIMATED,26,"Alabama, California, Colorado, Florida, Massachusetts, Mississippi, Missouri, Nebraska, Nevada, New Jersey, New York, North Carolina, Ohio, Texas",ALL,18 Years,65 Years,"Major Depressive Disorder (MDD), Depressive Disorder, Treatment-Resistant",Inclusion Criteria: Adults ≥18 and ≤65 years of age Provides written informed consent Clinical diagnosis of MDD History ...
NCT07388004,Group Therapy for Major Depression: Comparing Expectation-Focused and Reward-Focused Psychotherapy Approaches,RECRUITING,NA,150,ESTIMATED,1,Hesse,ALL,18 Years,80 Years,Major Depressive Disorder (MDD),"Inclusion Criteria: Age: 18-80 years Current diagnosis of major depressive disorder (MDD) according to DSM-5, confirmed ..."
NCT04221997,"Trial With the Treatment of Sertraline in Youth With Generalized, Separation and/or Social Anxiety Disorders.",RECRUITING,PHASE4,150,ESTIMATED,1,Ohio,ALL,8 Years,17 Years,Anxiety Disorders,"Inclusion Criteria for Patients with Anxiety : Written, informed assent and consent. Patients, parent/guardian/LAR must ..."
NCT05254015,Cognitive Rehabilitation and Exposure Therapy for Geriatric Hoarding,ENROLLING_BY_INVITATION,NA,150,ESTIMATED,1,California,ALL,50 Years,No upper limit,"Hoarding Disorder, Obsessive-Compulsive Disorder",Inclusion Criteria: adults age 50 and older voluntary informed consent for participation DSM-5 diagnosis of HD HD as a p...
NCT06917300,Virtual Reality as a Digital Premed to Alleviate Pain and Anxiety Preoperatively in Patients Undergoing Spine Surgery,RECRUITING,NA,150,ESTIMATED,1,Łódź Voivodeship,ALL,25 Years,70 Years,"Anxiety and Fear, Pain, Postoperative, Stress","Inclusion Criteria: Adult patients between 25-70 years old, undergoing an elective spinal surgery. Patient's admission p..."
NCT06600113,Effect of Educational Intervention on Children's Anxiety,RECRUITING,NA,150,ESTIMATED,1,No US/listed site,ALL,4 Years,8 Years,"Health Literacy, Anesthesia, Anxiety, Fear, Attitude, Child Behavior, Health Knowledge, Attitudes, Practice",Inclusion Criteria: Undergoing anesthesia for medical procedure Exclusion Criteria: Does not understand Icelandic/Finnis...
NCT07226128,The Effects of Cognitive Behavioral Therapy on Insulin Resistance in People With HIV,RECRUITING,NA,150,ESTIMATED,1,Indiana,ALL,18 Years,No upper limit,"HIV, Depression in Adults, Insulin Resistance, Cognitive Behavior Therapy","Inclusion Criteria: HIV-1 infection, documented as listed clinically in the participant's electronic medical record by a..."
NCT06506435,Radiotherapy Patient Education With Virtual Reality,RECRUITING,NA,150,ESTIMATED,1,Florida,ALL,18 Years,No upper limit,"Anxiety, Cancer",Inclusion Criteria: 1. Histologically proven cancer 2. ≥18 years of age 3. Able to speak and read English and/or Spanish...
NCT07494955,"""Effect of Pre-Spinal Mindfulness-Based Breathing Exercise on Hemodynamic Response in Elective Cesarean Section""",RECRUITING,NA,150,ESTIMATED,1,No US/listed site,FEMALE,18 Years,45 Years,"Hypotension, Cesarean Section, Hemodynamic Instability, Anxiety, Anticipatory",Inclusion Criteria: Pregnant women aged 18-45 years Singleton pregnancy Gestational age 37 weeks or greater American Soc...
NCT05691439,Mechanisms of Depression and Anhedonia in Adolescents: Linking Sleep to Reward- and Stress-Related Brain Function,RECRUITING,NA,150,ESTIMATED,1,Oregon,ALL,14 Years,18 Years,Depression in Adolescence,Inclusion Criteria: 1. 14-18 years of age 2. Currently in high school 3. short and late sleep (weekday sleep duration ≤ ...
NCT03677947,Inference-Based Cognitive Therapy Versus Exposure and Response Prevention for Obsessive-Compulsive Disorder,ACTIVE_NOT_RECRUITING,NA,150,ESTIMATED,1,Quebec,ALL,18 Years,No upper limit,"Obsessive-compulsive Disorders and Symptoms, Obsessive-Compulsive Disorder","Inclusion Criteria: a primary diagnosis of OCD according to Diagnostical and Statistical Manual, version 5 criteria; no ..."
NCT05940324,Examining Mu Opioid Mechanisms of Ketamine's Rapid Effects in OCD (MKET2),RECRUITING,PHASE2,150,ESTIMATED,1,California,ALL,18 Years,65 Years,Obsessive-Compulsive Disorder,Eligibility Criteria for Participants with OCD: Inclusion Criteria: Ages 18-65 Meet the criteria for OCD diagnosis Faile...
NCT07372586,Behavioral Health Collaborative Care Model in an ICU Recovery Clinic,RECRUITING,NA,150,ESTIMATED,1,South Carolina,ALL,18 Years,No upper limit,"PICS, Anxiety, Depression - Major Depressive Disorder, Post-Traumatic Stress, PTSD, Critical Illness Recovery, Critical Illness, Collaborative Care, Behavioral Health Concerns",Inclusion Criteria: - Attendance at the MUSC ICU Recovery Clinic within 180 days of discharge from the hospital Exclusio...
NCT07214597,NICU Utilization of Remote Voice Technology to Improve mateRnal Experience (NURTURE),RECRUITING,NA,150,ESTIMATED,1,Tennessee,FEMALE,18 Years,No upper limit,"Postpartum Depression (PPD), Self-Efficacy, Parental Anxiety, Engagement, Patient, Usability, Length of Stay",Inclusion Criteria: 1. Infant: 1. Admitted to the neonatal intensive care unit (NICU) 2. Not readmitted after discharge ...
NCT04751864,Brain Stimulation & Generalized Anxiety Study,ACTIVE_NOT_RECRUITING,PHASE4,150,ESTIMATED,1,New York,ALL,21 Years,No upper limit,"Anxiety, Generalized Anxiety Disorder, Generalized Anxiety",Inclusion Criteria: Age greater than 21 US resident Can receive packages to their home via UPS/Fedex/USPS Licensed Physi...
NCT07126860,"The Effect of a Structured Strength and Endurance Training Program on Quality of Life, Fitness, Blood Parameters and Survival in Prostate Cancer Patients",ACTIVE_NOT_RECRUITING,NA,150,ESTIMATED,1,Bavaria,MALE,18 Years,No upper limit,"Prostate Cancer, Metastatic Prostate Cancer, Prostate Cancer (Post Prostatectomy), Prostate Cancer Patients Treated by Radiotherapy, Prostate Cancer Non-Metastatic",Inclusion Criteria: 1. Participant must have a histologically diagnosed adenocarcinoma of the prostate 2. Participant ha...
NCT07118072,A Pilot Study to Examine the Efficacy of Internet-Delivered Skills Training in Affective and Interpersonal Regulation (i-STAIR) for Individuals With Adverse Childhood Experiences and Subsyndromal Depression,RECRUITING,NA,150,ESTIMATED,1,No US/listed site,ALL,21 Years,65 Years,Subthreshold Depression,"Inclusion Criteria: Exposed to mild, moderate or severe adverse childhood experiences (ACEs) Screened positive for subsy..."
NCT06595953,Gaze-Contingent Music Therapy Augmentation of CBT for Pediatric Anxiety,RECRUITING,PHASE2,150,ESTIMATED,1,Maryland,ALL,8 Years,17 Years,"Psychiatric Disorders, Anxiety Disorders","INCLUSION CRITERIA: In order to be eligible to participate in this study, an individual must meet all of the following c..."
NCT06097221,The Advance Project - Advancing Sleep Timing to Improve Depression,RECRUITING,NA,150,ESTIMATED,1,Frederiksberg,ALL,18 Years,No upper limit,Depression,Inclusion Criteria: Moderate to major depression (DSM-V) Discharge from psychiatric ward within last 30 days Sleep onset...
NCT05658796,RXWell to Decrease Post-Operative Opioid Use in Total Knee or Hip Arthroplasty,RECRUITING,NA,150,ESTIMATED,3,Pennsylvania,ALL,18 Years,100 Years,"Mood Disorders, Anxiety, Depressive Symptoms, Depression, Anxiety Disorders, Anxiety Depression",Inclusion Criteria for the RXWell Study: Adults >18 years Scheduled for elective primary total knee arthroplasty (TKA) o...
NCT04993742,Effects of Pregnancy-Specific Anxiety on Placental Inflammatory and Oxidative Stress Response and Birth Outcomes,ACTIVE_NOT_RECRUITING,NA,150,ESTIMATED,1,Texas,FEMALE,18 Years,No upper limit,"Placental Dysfunction, Prenatal Stress","Inclusion Criteria: All Active Duty and DoD beneficiary gravid women, 18 years of age or older, Receiving prenatal care ..."
NCT06460285,Intervention Trial for Healthcare Workers With Anxiety,ACTIVE_NOT_RECRUITING,NA,150,ESTIMATED,1,California,ALL,18 Years,No upper limit,Anxiety,Inclusion Criteria: 1. Must be able to provide written informed consent 2. > 18 years of age at Visit 3. Fluent in Engli...
NCT07737821,Improv Comedy to Reduce Anxiety and Improve Mental Well-Being in Young Chinese Adults in Hong Kong,RECRUITING,NA,150,ESTIMATED,1,No US/listed site,ALL,18 Years,29 Years,"Anxiety, Mental Health","Inclusion Criteria: Ethnic Chinese, fluent in spoken Mandarin and able to read Chinese Never married and without childre..."
NCT05398276,Behavioral Exposure for Introceptive Tolerance RCT,RECRUITING,NA,146,ESTIMATED,3,New Jersey,ALL,40 Years,No upper limit,"Exercise Sensitivity, Introceptive Exposure, Anxiety, Cardiac Rehabilitation",Inclusion Criteria: 1. ≥ 40 years of age 2. Elevated exercise anxiety (score of ≥ 30 on ESQ-18) 3. Low active (< 90 min ...
NCT07242105,Optimizing Brain Excitability in Depression,RECRUITING,NA,145,ESTIMATED,2,California,ALL,18 Years,65 Years,Major Depressive Disorder,"Inclusion Criteria: Men and women, ages 18 to 65 Diagnosis of major depressive disorder, assessed through a Structured C..."
NCT05569018,Efficacy of a Transdiagnostic Group Treatment for Emotional Disorders Applied in Blended Format: a Controlled Study.,RECRUITING,NA,144,ESTIMATED,1,Castellón,ALL,18 Years,No upper limit,"Anxiety Disorders, Depressive Disorders","Inclusion Criteria: Being 18 years old or more. DSM-5 (APA, 1013) diagnostic criteria for emotional disorder (panic diso..."
NCT06949293,"The Effect of Classical Hand Massage, Lavender Inhalation and Hand Massage With Lavender on Anxiety, Pain and Comfort",ACTIVE_NOT_RECRUITING,NA,144,ACTUAL,1,Kula,MALE,18 Years,No upper limit,"Cystoscopy, Aromatherapy, Hand Massage","Inclusion Criteria: 18 years of age or older, Being a man Having cystoscopy for the first time, Local anesthesia will be..."
NCT07465991,The Effect of Digital Cognitive Behavioural Therapy for Insomnia on Physical Activity in Fibromyalgia,RECRUITING,NA,142,ESTIMATED,2,No US/listed site,ALL,18 Years,No upper limit,Fibromyalgia,"Inclusion Criteria: Willing and able to provide informed consent for participation in the study Male or female, aged 18 ..."
NCT07151079,TAG TEAM - Trans Adolescent Group Therapy,RECRUITING,NA,142,ESTIMATED,1,Victoria,ALL,12 Years,17 Years,"Minority Stress, Acceptability, Psychological Distress, Anxiety, Depression in Adolescence, Coping, Wellbeing, Pride, Internalised Stigma, Community Connection",Participants will be enrolled into the RCT only if they meet all the inclusion criteria and none of the exclusion criter...
NCT07327125,Effect of Skin Closure Techniques on Body Image in Women Undergoing Gynecologic Surgery,RECRUITING,NA,140,ESTIMATED,1,No US/listed site,FEMALE,17 Years,60 Years,"Gynecologic Cancers, Surgical Wound Closure Techniques, Body Image",Inclusion Criteria: Female participants aged 18 years or older. Patients scheduled for elective open gynecologic surgery...
NCT07293806,Dance-movement Therapy in the Treatment of Adolescent Depression,RECRUITING,NA,140,ESTIMATED,2,No US/listed site,ALL,13 Years,17 Years,Depression,Inclusion Criteria: Diagnosis of medium or severe depression; BDI 16 points or more. At least 4/9 symptoms of depression...
NCT06728163,Impact of Virtual Reality (VR) and Music Intervention,RECRUITING,NA,140,ESTIMATED,1,No US/listed site,FEMALE,20 Years,65 Years,General Anesthesia,Inclusion Criteria: Inclusion Criteria: Patients aged 20 to 65 undergoing gynecological surgery under general anesthesia...
NCT05501834,Anxiety Surrounding Supracondylar Pin Removal in Children: A Randomized Controlled Trial,ENROLLING_BY_INVITATION,NA,140,ESTIMATED,1,Massachusetts,ALL,3 Years,10 Years,"Supracondylar Humerus Fracture, Anxiety",Inclusion Criteria: Aged 3 to ≤10 years at time of surgery Supracondylar humerus fractures that are laterally pinned at ...
NCT06745934,Strengthening Health and Insight in New Educators,RECRUITING,NA,140,ESTIMATED,1,Alabama,ALL,18 Years,No upper limit,"Anxiety Symptoms, Depressive Symptoms",Inclusion Criteria: Students in Block 3 will be invited to participate in the study. Exclusion Criteria: Students who ar...
NCT05503485,Existential Group Treatment for Older Adults (75+) With Psychological Distress in Primary Care,RECRUITING,NA,140,ESTIMATED,7,No US/listed site,ALL,75 Years,No upper limit,Psychological Distress,Inclusion Criteria: 1. Be aged 75+ 2. Have increased levels of psychological distress (GHQ-12 ≥3) 3. Be interested in pa...
NCT06233656,Acceptance and Commitment Therapy for Depressed People With Spinal Cord Injuries,ACTIVE_NOT_RECRUITING,NA,140,ESTIMATED,1,Florida,ALL,18 Years,No upper limit,"Depression, Spinal Cord Injuries",Inclusion Criteria: community-dwelling adults (aged 18 years or older) living with spinal cord injuries having at least ...
NCT06537128,Internet-delivered Cognitive-Behavioral Therapy for Adolescents With Autism and Anxiety,ACTIVE_NOT_RECRUITING,NA,139,ESTIMATED,1,Texas,ALL,11 Years,17 Years,"Autism Spectrum Disorder, Autism, Anxiety, Anxiety Disorders, Generalized Anxiety Disorder, Social Anxiety Disorder",Inclusion Criteria: 1. The child is between the age of 11-17 years old at enrollment. 2. The child is diagnosed with aut...
NCT06384196,Identity-Based Transdiagnostic Therapy for Young People With Anxiety and Depression,RECRUITING,NA,138,ESTIMATED,2,No US/listed site,ALL,16 Years,29 Years,"Depression, Anxiety",Inclusion Criteria: • Participants with symptoms of depression and/or anxiety as their primary complaint. Exclusion Crit...
NCT07084389,A Financial Social Work Intervention for Families With Complex Financial Difficulties (FinSoc),RECRUITING,NA,136,ESTIMATED,1,No US/listed site,ALL,,No upper limit,Financial Difficulties,"Inclusion Criteria: Client status in child welfare services, family social work, adult social work, assessment of the ne..."
NCT04934007,Bilateral Lateral OFC rTMS in Obsessive Compulsive Disorder,RECRUITING,NA,136,ESTIMATED,2,No US/listed site,ALL,18 Years,65 Years,Obsessive-Compulsive Disorder,"Inclusion Criteria: Age: Participants will be both males and females, 18-65 years of age included. diagnosis of OCD all ..."
NCT05866575,Prediction of the Therapeutic Response in Depression Based on Neuro-computational Modeling Assessment of Motivation,RECRUITING,NA,136,ESTIMATED,5,"Isère, Nord, Pays de la Loire Region",ALL,18 Years,No upper limit,Major Depressive Disorder,Patients with major depressive disorder Inclusion Criteria: Meeting DSM-5 criteria for major depressive disorder (single...
NCT07410078,Comparative Assessment of Oral Premedication Regimens in Pediatric Ambulatory Surgery,RECRUITING,NA,135,ESTIMATED,1,No US/listed site,ALL,4 Years,12 Years,"Pediatric Anesthesia, Premedication",Inclusion Criteria: Pediatric patients aged 4-12 years American Society of Anesthesiologists (ASA) physical status I-II ...
NCT07547371,Effectiveness of Aromatherapy and Digital Anesthesia in Managing Dental Anxiety and Pain in Children,RECRUITING,NA,132,ESTIMATED,1,Istanbul,ALL,6 Years,12 Years,"Pain, Dental Anxiety, Tooth Extraction",Inclusion Criteria: Participants will be recruited from the Department of Pediatric Dentistry at Istanbul University Fac...
NCT06226155,Adaptation of an Intervention Addressing Barriers to PrEP Use Among Pregnant Women in Zimbabwe,RECRUITING,NA,132,ESTIMATED,1,No US/listed site,ALL,15 Years,55 Years,"HIV Infections, Pregnancy Related, Depression, Anxiety",Inclusion Criteria: Across all aims participants must be 1. Pregnant 2. Presenting at the Chitungwiza Central Hospital A...
NCT04877197,Behavioral Activation Delivered Via Home-based Telehealth to Improve Functioning in Cardiovascular Disease Patients Recently Discharged From Inpatient Care,RECRUITING,NA,132,ESTIMATED,1,South Carolina,ALL,21 Years,No upper limit,"Depression, Cardiovascular Diseases",Inclusion Criteria: Having experienced one of the ICD 10 I20-I25 CVD events: 120 unstable angina stable angina 121 NSTEM...
NCT06081348,Sertraline vs. Placebo in the Treatment of Anxiety in Children and AdoLescents With NeurodevelopMental Disorders,RECRUITING,PHASE2,130,ESTIMATED,7,"Alberta, Nova Scotia, Ontario",ALL,8 Years,17 Years,"Neurodevelopmental Disorders, Autism, Autism Spectrum Disorder, Fragile X Syndrome, Tuberous Sclerosis, 22Q11 Deletion Syndrome, 22Q11 Deletion, ADHD, Tic Disorders, Tourette Syndrome, Tourette Syndrome in Children, Tourette Syndrome in Adolescence, ADHD - Combined Type, ADHD Predominantly Inattentive Type, ADHD, Predominantly Hyperactive - Impulsive, Anxiety, Anxiety Disorders","Inclusion Criteria: 1. Outpatients 8-17 years of age, inclusive 2. Females of child bearing potential who are sexually a..."
NCT06781593,Combining Light Therapy and CPAP in Depression,RECRUITING,NA,130,ESTIMATED,2,France,ALL,18 Years,No upper limit,"Major Depression, Sleep Architecture, Obstructive Sleep Apnea, Compliance, Continuous Positive Airway Pressure (CPAP), Light Therapy","Inclusion Criteria: Adults consulting at the MICHEL JOUVET unit, CH Le Vinatier, Bron Adults with a diagnosis of major d..."
NCT07479524,"Effect of Induction Admission of Shared Decision-Making on First Time Expectant Mothers', Self-efficacy, Anxiety, Birth Outcomes and Birth Satisfaction",ENROLLING_BY_INVITATION,NA,130,ESTIMATED,1,No US/listed site,FEMALE,18 Years,45 Years,Labor Induction,"Inclusion Criteria: 1. The first pregnancy and the gestation period is more than 32 weeks, the fetus is a singleton, and..."
NCT06795126,Little NIRVANA for Pediatric Pain and Anxiety,ENROLLING_BY_INVITATION,NA,130,ESTIMATED,1,Ohio,ALL,2 Years,8 Years,"Acute Pain, Procedural Anxiety, Pediatric ALL, Emergency Medicine, IV Access",Inclusion Criteria: All patients undergoing PIV line placement (peripheral IV order placed while patient is in the ED); ...
NCT02734602,Imaging SV2A in Mood Disorders,ACTIVE_NOT_RECRUITING,NA,130,ESTIMATED,1,Connecticut,ALL,18 Years,70 Years,"Major Depressive Disorder, Post-Traumatic Stress Disorder","Inclusion Criteria: General inclusion criteria: 1. Subjects will be 18-70 years old, 2. English speaking, 3. No other DS..."
NCT07105397,Evaluating Conversational Artificial Intelligence for Depression Management,RECRUITING,NA,130,ESTIMATED,1,Virginia,ALL,18 Years,85 Years,Major Depressive Disorder (MDD),"1. Participant is between 18 to 85 years old. 2. Participant has been, or are likely to be, diagnosed with moderate to s..."
NCT06698107,Salutogenesis and Self-efficacy-based Childbirth Education Programme for Preventing Postpartum Depression,RECRUITING,NA,130,ESTIMATED,4,Amhara,FEMALE,13 Years,19 Years,Postpartum Depression (PPD),Inclusion Criteria: married first-time teenage mothers aged 13-19 years attending antenatal follow-up in the selected ho...
NCT02604277,Suicidal Behavior in Patients Diagnosed With Bipolar Disorder,RECRUITING,NA,130,ESTIMATED,1,Georgia,ALL,18 Years,64 Years,"Depression, Alcoholism, Drug Abuse",Inclusion Criteria: English speaking Diagnosis of Bipolar Disorder (BD) Able to provide written informed consent Exclusi...
NCT05833087,Schema Therapy for Patients With Chronic Treatment Resistant Depression,RECRUITING,NA,129,ESTIMATED,6,No US/listed site,ALL,18 Years,65 Years,"Treatment Resistant Depression, Chronic Depression",Inclusion Criteria: Participants have at the time of inclusion been referred to treatment for depression as a primary di...
NCT06821568,Home-Based Brain Stimulation for Motoric Cognitive Risk Syndrome,RECRUITING,NA,128,ESTIMATED,2,Massachusetts,ALL,65 Years,90 Years,"Alzheimer Disease and Related Dementias, Cognition, Mobility Disability","Inclusion Criteria: Men and women Age 65-90 years Subjective cognitive complaints as defined by a 'Yes' response to ""Do ..."
NCT06750796,"The Half Swaddling Application on Infant Sleep Routine, Maternal Sleep Quality, Depression",RECRUITING,NA,128,ESTIMATED,1,None Selected,FEMALE,18 Years,45 Years,"Infant, Newborn, Maternal Outcome","Inclusion Criteria: 18-45 years old, Term birth (single birth over 37 weeks), After an uncomplicated pregnancy process, ..."
NCT07107906,"Evaluating and Implementing The CONNECT Program - a Group-Based Telehealth Intervention to Reduce Social Isolation, Loneliness, and Mental Health Symptoms in Adults Ages 55+, Compared to Routine Community-Based Programming",RECRUITING,NA,128,ESTIMATED,1,Manitoba,ALL,55 Years,No upper limit,"Loneliness, Social Isolation, Depression Disorders, Anxiety","Inclusion Criteria: Adults aged 55 years or older Able to speak, read, and understand English Can manage hearing or visi..."
NCT06234176,Impact of Psychomotor Therapy on the Quality of Life in Depression,RECRUITING,NA,128,ESTIMATED,1,No US/listed site,ALL,20 Years,60 Years,Major Depressive Disorder,Inclusion Criteria: Diagnosis of depressive episode according to DSM-5 criteria. HDRS > 16 Hospitalized or followed-up i...
NCT06273527,Enhancing Transdiagnostic Mechanisms of Cognitive Dyscontrol (R33),RECRUITING,"PHASE2, PHASE3",128,ESTIMATED,1,California,ALL,21 Years,55 Years,"Anxiety Disorders, Depression, Post Traumatic Stress Disorder","Inclusion Criteria: age 21-55 fluent in English diagnosis of mood, anxiety, or traumatic stress disorder clinically elev..."
NCT06874491,Inhalation Treatment Distraction in Children,RECRUITING,NA,126,ESTIMATED,1,No US/listed site,ALL,4 Years,6 Years,Fear Anxiety,"Inclusion Criteria: -Being between 4-6 years old Not having a developmental disability Not having a history of sedative,..."
NCT06136494,iCBT for Cardiac Anxiety in Patients With NCCP,ACTIVE_NOT_RECRUITING,NA,126,ESTIMATED,1,No US/listed site,ALL,18 Years,No upper limit,"Non-cardiac Chest Pain, Cardiac Anxiety",Inclusion Criteria: experience of non-cardiac chest pain exhibiting cardiac anxiety (score ≥24 on the Cardiac Anxiety Qu...
NCT07462364,The Effect of a Kaleidoscope and Cartoons for Dental Treatment in Children,RECRUITING,NA,126,ESTIMATED,1,Diyarbakır,ALL,7 Years,12 Years,"Dental Anxiety, Dental Fear, Pain",Inclusion Criteria: Children aged between 7 and 12 years Children requiring local infiltration anesthesia for dental tre...
NCT05762250,Auricular Acupuncture in Patients With Advanced Cancer: a Randomized Clinical Trial.,RECRUITING,NA,125,ESTIMATED,2,No US/listed site,ALL,18 Years,70 Years,"Fatigue, Pain, Depression, Advanced Tumour Diseases","Inclusion Criteria: Adult patients with advanced tumour diseases on current therapy, who suffer from persistent disease-..."
NCT05913947,Lithium Versus Cariprazine in the Acute Phase Treatment of Bipolar Depression (DUAG9),RECRUITING,PHASE4,122,ESTIMATED,1,No US/listed site,ALL,18 Years,65 Years,"Depression, Bipolar","Inclusion Criteria: A diagnosis of bipolar disorder, type 1 or type 2, and a current episode of depression according to ..."
NCT06049433,Maternal Mental Health Access - MaMa,RECRUITING,NA,120,ESTIMATED,1,Utah,FEMALE,18 Years,No upper limit,"Postpartum Depression, Perinatal Depression","Inclusion Criteria: 18+ years of age, who at the time of screening Have a viable pregnancy or are postpartum (up to 1 ye..."
NCT05973201,"Evaluation of Virtual Reality to Reduce Anxiety, Pain and Duration of Non-emergency Vigile Bronchial Fibroscopy (AVATAR)",RECRUITING,NA,120,ESTIMATED,5,No US/listed site,ALL,18 Years,No upper limit,"Respiratory Disorder, Lung Infection",Inclusion Criteria: Adults (over 18 years of age) Hospitalized in a critical care unit (intensive care and intensive car...
NCT06682689,Investigation of TVNS Administration on Postpartum Mental Health,RECRUITING,NA,120,ESTIMATED,1,Baden-Wurttemberg,FEMALE,18 Years,No upper limit,"Postpartum Depression (PPD), Postpartum Anxiety, Postpartum Sadness, Postpartum Blues","Inclusion Criteria: No malformation of fetal organs (no abnormalities detected during ""organ screening""). Ability to pro..."
NCT05979103,Music Genre Stereotypes to Boost Relaxation in Chronic Pain Patients,ACTIVE_NOT_RECRUITING,NA,120,ACTUAL,1,California,ALL,18 Years,No upper limit,Anxiety,Inclusion Criteria: 1. Are 18+ 2. Live in the US 3. Are an English-proficient adult with a chronic pain diagnosis (no re...
NCT07569198,Ketamine With Dialectical Behavioural Therapy (DBT) for Suicidality in Individuals With Treatment-Resistant Depression and Borderline Personality Disorder (KET-DBT),RECRUITING,PHASE2,120,ESTIMATED,1,Ontario,ALL,18 Years,70 Years,"Borderline Personality Disorder (BPD), Treatment-Resistant Major Depressive Disorder, Treatment-resistant Bipolar Depression, Major Depressive Disorder (MDD), Bipolar Disorder (BD), Bipolar Disorder I or II, Suicidal Ideation","Inclusion Criteria: 1. Adults between the age of 18 to 70, inclusive; 2. Meets criteria for BPD, as determined by clinic..."
NCT06892847,Brain STimulation for ANxiety and Depression in Youth,RECRUITING,NA,120,ESTIMATED,1,Alberta,ALL,6 Years,18 Years,"Anxiety Disorders, Depression",Inclusion Criteria: 1. aged between 6 and 18 years old 2. diagnosis of anxiety or depression made by a qualified medical...
NCT06953752,Effects of Music During Atrial Fibrillation Ablation Under Conscious Sedation,RECRUITING,NA,120,ESTIMATED,1,Zhejiang,ALL,18 Years,80 Years,"Atrial Fibrillation (AF), Catheter Ablation, Pain Management",Inclusion Criteria: 1. Patients undergoing first-time catheter radiofrequency ablation for atrial fibrillation at our ce...
NCT06697275,Evaluation of the Efficacy of a Virtual Reality When Placing a Needle on an Implantable Venous Access Device in Children With Leukemia,RECRUITING,NA,120,ESTIMATED,4,No US/listed site,ALL,6 Years,16 Years,"Virtual Reality, Children and Adolescents, Acute Leukemia, Anxiety and Fear",Inclusion Criteria: Children from 6 to 16 years old suffering from leukemia requiring needle insertion into an implantab...
NCT06605092,Characterization of Emotional Response Profiles Triggered by a Digital Artwork of Musicalized Impressionist Paintings,RECRUITING,NA,120,ESTIMATED,1,Quebec,ALL,18 Years,No upper limit,Anxiety,"Inclusion Criteria: Age 18 to 35, or age 60 and over Sex and gender concordance No severe psychobehavioral or major neur..."
NCT06489327,Comparing Two Doses of Oral Melatonin as Premedication in Children Undergoing Surgery,RECRUITING,NA,120,ESTIMATED,2,"Babel, Cairo Governorate",ALL,4 Years,10 Years,Preoperative Anxiety,Inclusion Criteria: Patients of either sex age from 4 to 14 years Patients with American society Anesthesiologist physic...
NCT06759337,"The Effect of Stress Ball Used During Intra Uterine Insemination on Pain, Anxiety, Comfort and Physiological Parameters",RECRUITING,NA,120,ESTIMATED,1,Melikgazi,FEMALE,18 Years,50 Years,"Infertility Assisted Reproductive Technology, Infertility, Female",Inclusion Criteria: Intervention Group 1 (Stress Ball Group) 1. Agreeing to participate in the study with verbal and wri...
NCT04551469,A Randomized Clinical Trial to Measure Efficacy of Music on Cardiac Surgery Patients,ACTIVE_NOT_RECRUITING,NA,120,ACTUAL,1,Massachusetts,ALL,18 Years,90 Years,Cardiac Surgery,Inclusion Criteria: Patients in the Cardiac Surgical Intensive Care Unit or the Cardiac Surgical Step Down Unit after un...
NCT03601026,Genetic Counselling in the Prevention of Mental Health Consequences of Cannabis Use,RECRUITING,NA,120,ESTIMATED,1,Nova Scotia,ALL,12 Years,21 Years,"Mental Illness, Schizophrenia, Bipolar Disorder, Major Depressive Disorder, Cannabis Use, Psychosis",Inclusion Criteria: Enrolment in the Families Overcoming Risks and Building Opportunities for Well-being (FORBOW) study....
NCT07576686,AI-Guided CBT for Depression and Anxiety,RECRUITING,NA,120,ESTIMATED,1,No US/listed site,ALL,18 Years,No upper limit,"Depression - Major Depressive Disorder, Anxiety Disorders",Inclusion Criteria: Age 18 years or older Diagnosis of mild depressive disorder and/or anxiety disorder confirmed by a s...
NCT06698848,Integrating Ketamine Effects on Neuronal Molecular Signatures and the Brain Functional and Structural Connectome,ACTIVE_NOT_RECRUITING,PHASE1,120,ESTIMATED,1,Massachusetts,ALL,18 Years,50 Years,"Depression, Suicide",Inclusion Criteria: 1. Able to give voluntary informed consent; 2. Satisfy criteria for Diagnostic and Statistical Manua...
NCT07266545,RNA Editing as a Biomarker of Antidepressant Response in Unipolar and Bipolar Depression (EDIT-ANDRE),RECRUITING,PHASE4,120,ESTIMATED,1,Minnesota,ALL,18 Years,65 Years,"Unipolar Depression, Bipolar Depression",Inclusion Criteria Participants must meet all the following criteria to be eligible for the study: 1. Adult females and ...
NCT07721753,Exergames-acceptance and Commitment Therapy(e-ACT) for Breast Cancer Depression and Anxiety: A Randomized Controlled Trial,RECRUITING,NA,120,ESTIMATED,1,Henan,FEMALE,18 Years,No upper limit,"Breast Cancer Survivors, Depression Anxiety Disorder",The inclusion criteria include: 1. Newly diagnosed breast cancer patients and patients with recurrent breast cancer conf...
NCT05810259,Assessing the Effectiveness of Digital Wellness Modules on Perceived Quality of Life,RECRUITING,NA,120,ESTIMATED,1,Connecticut,ALL,18 Years,65 Years,"Wellness, Quality of Life, Anxiety, Depression",Inclusion Criteria: Resides in United States Exclusion Criteria: Any individual who endorses any of the following criter...
NCT07477470,"BALANCE Study: Beneficial Effects of A Diverse Prebiotic Fibre bLend on Affect, iNflammation, Cognition, and the Gut microbiomE",RECRUITING,NA,120,ESTIMATED,1,No US/listed site,ALL,18 Years,50 Years,Stress,Inclusion Criteria: Aged 18-50 years of age Capacity to give informed consent to participate in the study Able to comply...
NCT07234396,"Animated Video and Associated Pain and Anxiety Reduction, Following Pin Removal Post-supracondylar Fracture Fixation",RECRUITING,NA,120,ESTIMATED,1,Sindh,ALL,4 Years,12 Years,"Supracondylar Fractures, Fracture Fixation, Pain Severity, Anxiety",Inclusion Criteria: Patients with supracondylar fractures operated on for percutaneous K-wire fixation. Age between 4 to...
NCT05570812,Neuroactive Steroid to Treat Depressed Mood: A Trial for People With HIV,RECRUITING,PHASE2,120,ESTIMATED,1,Massachusetts,ALL,18 Years,85 Years,"Major Depressive Disorder, Anxiety Depression, HIV",Inclusion Criteria: 18-85 years HIV-1 viral load <200 copies/mL on antiretroviral therapy (ART) at screening visit Cente...
NCT05977439,RECOVERS - Realigning Emotion and COgnition Via prEcision Regulation networkS,RECRUITING,NA,120,ESTIMATED,1,South Carolina,ALL,18 Years,65 Years,"Depression, Major Depressive Disorder, Suicidal Ideation",Study 1 (Healthy Participants) Inclusion Criteria: Age 18-65 years Medically and psychiatrically healthy with no history...
NCT07164118,Therapeutic Effects of Pranayama Breathing Technique and Deep Breathing Exercises on Pain and Anxiety After Abdominal Surgery,ACTIVE_NOT_RECRUITING,NA,120,ESTIMATED,1,Afşin,ALL,18 Years,65 Years,Abdominal Surgery,"Inclusion Criteria: Patients aged 18-65, Having undergone elective abdominal surgery, Having no communication difficulti..."
NCT06123325,Psychiatric Outcomes of Unruptured Intracranial Aneurysms (POUIA),RECRUITING,NA,120,ESTIMATED,1,New York,ALL,18 Years,75 Years,"Anxiety Depression, Aneurysm Cerebral, Mental Health Wellness 1",Inclusion Criteria: Unruptured intracranial aneurysms (UIA) mRS scores between 0-1 Observation Group: All patients with ...
NCT06944314,Physicians' Perception About Patient Pain in Flexible Cystoscopy With Local Anesthesia,ENROLLING_BY_INVITATION,NA,120,ESTIMATED,1,Istanbul,MALE,18 Years,No upper limit,"Cystoscopic Surgical Procedures, Pain",Minimum Age: 18 Years Maximum Age: Not Applicable Sex: Male Gender Based: Yes Male patients over 18 years of age who nee...
NCT06985381,ESAN III - Energy Sensing in Depression,ACTIVE_NOT_RECRUITING,NA,120,ESTIMATED,1,Styria,FEMALE,18 Years,65 Years,"Obesity, Gut Microbiota Modulation, Immunomodulation",INCLUSION CRITERIA Socio-demographic criteria: Gender: female Age: 18-65 years Confirmation of study participation: Rece...
NCT06898879,Enhancing Veteran-Clinical Collaboration in VA PRRCs,RECRUITING,NA,119,ESTIMATED,3,"California, New Mexico",ALL,18 Years,No upper limit,"Schizophrenia, Schizoaffective Disorder, Delusional Disorder, Bipolar Disorder, Major Depressive Disorder","Inclusion Criteria: 1. Be a Veteran currently receiving Psychosocial Rehabilitation and Recovery Center (PRRC), Mental H..."
NCT05377125,Neural Mechanisms of Response Inhibition Training for OCRD,RECRUITING,NA,118,ESTIMATED,1,Wisconsin,ALL,18 Years,60 Years,"Obsessive-Compulsive Disorder, Tricholemmoma, Skin-Picking",Inclusion Criteria: age between 18 and 60 moderate level of OCRD symptoms (Yale-Brown Obsessive Compulsive Scale total ≥...
NCT06888999,In Vitro Exposure by VR to Enhance Return to Work After Sick Leave Due to Mental Health Related Complaints,RECRUITING,NA,118,ESTIMATED,1,No US/listed site,ALL,18 Years,No upper limit,"Return to Work, Occupational Stress, Self-Efficacy",Inclusion Criteria: - sick listed cabin crew with mental health related complaints that are referred by the occupational...
NCT05624931,"Reducing Psychological Barriers to PrEP Persistence Among Pregnant and Postpartum Women in Cape Town, South Africa",RECRUITING,NA,118,ESTIMATED,2,"Massachusetts, Western Cape",FEMALE,15 Years,No upper limit,"Depression, Posttraumatic Stress Disorder, Pregnancy Related, Medication Adherence",Inclusion Criteria: For participants across all three aims are: Female sex Aged 15+ Pregnant and presenting antenatal ca...
NCT06489314,Mental Health Treatment to Improve Father Depression and Child Outcomes in Kenya,ACTIVE_NOT_RECRUITING,NA,116,ESTIMATED,1,No US/listed site,MALE,18 Years,65 Years,"Father-Child Relations, Depression, Alcohol Use, Unspecified",Inclusion Criteria: 1. Male between the ages of 18-65; 2. Live with and be responsible for at least one child between th...
NCT05183230,WellPATH-PREVENT: A Mobile Intervention for Middle-Aged and Older Adults Hospitalized for Suicidal Ideation or Attempt,RECRUITING,NA,115,ESTIMATED,2,New York,ALL,50 Years,90 Years,"Suicide, Attempted, Suicidal Ideation, Depression",Inclusion Criteria: 50-90 years old Diagnosis (based on a modified SCID-5 Clinical Trials Version to assess DSM-5 diagno...
NCT05674357,Training in Evidence-based Treatments in Psycho-Oncology,RECRUITING,NA,115,ESTIMATED,1,Massachusetts,ALL,18 Years,No upper limit,"Distress, Emotional, Depression, Anxiety, Fatigue, Pain, Insomnia",Patient Inclusion Criteria: Adults > 18 years of age. Currently receiving oncology treatment/care at the MGH Cancer Cent...
NCT07659015,Use of Hand Extension Rubber During Intravenous Catheter Placement,ENROLLING_BY_INVITATION,NA,114,ESTIMATED,1,Meram,ALL,18 Years,65 Years,"Pain, Anxiety, Satisfaction",Inclusion Criteria: Volunteers willing to participate in the study Patients aged 18-65 Patients who are alert and able t...
NCT06843200,Conversations With Caregivers About Health and Appearance,ACTIVE_NOT_RECRUITING,NA,112,ACTUAL,1,Oregon,ALL,12 Years,No upper limit,"Disordered Eating Behaviors, Depression, Feeding Behaviors, Parent-Child Relations",Inclusion criteria for parent/caregiver: at least 18 years old the primary caregiver of at least one child 12-17 years o...
NCT07752706,Breathing Exercises for Dyspnea and Anxiety in Heart Failure,ACTIVE_NOT_RECRUITING,NA,112,ACTUAL,1,No US/listed site,ALL,18 Years,No upper limit,"Heart Failure, Breathing Exercises, Dyspnea, Anxiety",Inclusion Criteria: Applicants must be 18 years of age or older. Volunteer to participate in the study. Present to the e...
NCT05921201,Preventing Depression of Chinese American Adolescents by RRE,RECRUITING,NA,110,ESTIMATED,1,Massachusetts,ALL,14 Years,18 Years,Subclinical Depressive Symptoms,"Inclusion Criteria: Participants must be CAAs (ethnic Chinese descent, born or grew up in the U.S) from the Greater Bost..."
NCT07055906,Video-feedback Intervention to Promote Racial-Ethnic Socialization Competency (VIP-RACE),RECRUITING,NA,110,ESTIMATED,1,Pennsylvania,ALL,10 Years,14 Years,"Depressive Symptoms, Anxiety Symptoms, Conduct Problems",Inclusion Criteria: Adolescent is 10-to-14 years old (inclusive) Adolescent and parent are Latino/a/x/e or Hispanic Pare...
NCT07033052,Developing Resilience and Anxiety Management Through the Arts,RECRUITING,NA,110,ESTIMATED,1,Ohio,ALL,8 Years,17 Years,"Anxiety, Depression, Mood",Inclusion Criteria: Between 8 and 17 years of age Individuals must have parental/guardian consent Elevated levels of anx...
NCT05991154,JoyPop Mobile Mental Health App With Indigenous Transitional-Aged Youth,RECRUITING,NA,110,ESTIMATED,1,Ontario,ALL,18 Years,25 Years,"Emotion Regulation, Depression, Anxiety, Stress",Inclusion Criteria: Indigenous transitional-aged youth must be on the wait-list for mental health services at Dilico Ani...
NCT05583747,E-field Guided iTBS for Treatment Resistant Depression,RECRUITING,NA,110,ESTIMATED,2,Ontario,ALL,18 Years,65 Years,Major Depressive Disorder,Inclusion Criteria: 1. are outpatients; 2. are voluntary and competent to consent to treatment; 3. have a Diagnostic and...
NCT06937476,Neurobiological Mechanisms of Pathological Rumination and Effects of Aripiprazole,ACTIVE_NOT_RECRUITING,NA,108,ACTUAL,1,Hunan,ALL,18 Years,45 Years,"Major Depressive Disorder (MDD), Rumination",Inclusion Criteria: For Patients With Major Depressive Disorder (MDD): Age 18 to 45 years Any sex Self-identified Han Ch...
NCT06804577,"Effect of Peanut Ball Use ın Prımarıes on Labor Paın, Duratıon of Labor Anxıety and",ACTIVE_NOT_RECRUITING,NA,108,ACTUAL,2,Kahramanmaraş,FEMALE,18 Years,49 Years,"First Birth, Labor Pain, Anxiety, Birth Satisfaction","Inclusion Criteria Pregnant women with a singleton pregnancy, Term, primiparous, No condition preventing vaginal deliver..."
NCT07528482,Effects of Reflexology and Cold Application Before Chest Tube Removal in CABG Patients,RECRUITING,NA,108,ESTIMATED,1,No US/listed site,ALL,18 Years,No upper limit,"Pain, Acute Post-Operative, Anxiety, Chest Tube Removal, Coronary Artery Bypass",Inclusion Criteria: Being 18 years of age or older Not having undergone previous open heart surgery Not having received ...
NCT06526208,Investigating a Marijuana-based Compound as a Treatment for Anxiety in Autistic Adults,RECRUITING,PHASE2,108,ESTIMATED,1,Arizona,ALL,18 Years,45 Years,"Autism Spectrum Disorder, Anxiety",Inclusion Criteria: 1. Male or female age 18 to 45 years old with an autism diagnosis. 2. Participant is ≥ 100 lbs. 3. P...
NCT07302672,Humanistic Continuing Care Via WeChat for Patients Undergoing Thermal Ablation of Papillary Thyroid Carcinoma,RECRUITING,NA,108,ESTIMATED,1,No US/listed site,ALL,16 Years,60 Years,Papillary Thyroid Carcinoma,Inclusion Criteria: Age 16-60 years; scheduled for thyroid thermal ablation Papillary thyroid carcinoma (PTC) Number of ...
NCT06782724,Psilocybin Therapy for Psychological Distress in Palliative Patients,RECRUITING,PHASE2,108,ESTIMATED,4,Provincie Groningen,ALL,18 Years,No upper limit,"COPD (Chronic Obstructive Pulmonary Disease), ALS (Amyotrophic Lateral Sclerosis), MS (Multiple Sclerosis), Major Depressive Disorder (MDD), Atypical Parkinson Disease","Inclusion Criteria: 1. Patient has to be diagnosed with one of the following four conditions, defined as: COPD i) Diagno..."
NCT05703685,[18F]PF-06445974 to Image PDE4B in Major Depressive Disorder Using PET,RECRUITING,PHASE1,108,ESTIMATED,1,Maryland,ALL,18 Years,70 Years,Depression,"INCLUSION CRITERIA: Patients: In order to be eligible for this study, MDD participants must meet all of the following cr..."
NCT07228143,Stepped Care Treatment for Anxiety Resilience,RECRUITING,NA,106,ESTIMATED,1,Texas,ALL,7 Years,17 Years,"Generalized Anxiety Disorder (GAD), Social Anxiety Disorder (SAD), Separation Anxiety Disorder, Specific Phobia, Obsessive Compulsive Disorder (OCD), Panic Disorder (With or Without Agoraphobia)","Inclusion Criteria: A primary diagnosis of OCD or an anxiety disorder including separation anxiety disorder, social phob..."
NCT06395558,intErnet-based iNterventions FOR Cardiac arrEst suRvivors,RECRUITING,NA,106,ESTIMATED,2,Bologna,ALL,18 Years,80 Years,"Cognitive Impairment, Depression, Anxiety, Cardiac Arrest, Quality of Life, Social Functioning, Sexual Dysfunction",Inclusion Criteria: Hospital discharge after out-of-hospital cardiac arrest with Cerebral Performance Category 1 or 2 In...
NCT07025590,Effect of Exercise on Tapering Antipsychotics in Patients With Psycho-cardiological Disease(EXTRA-study),RECRUITING,NA,106,ESTIMATED,1,Guangdong,ALL,18 Years,70 Years,"Cardiovascular Diseases (CVD), Depression Anxiety Disorder",Inclusion Criteria: 1. Diagnosed with depression/anxiety; 2. Continued use of SSris and SNris for six months prior to st...
NCT06723600,Effect of Informing Family Members of Patients During Surgery,RECRUITING,NA,104,ESTIMATED,1,Milli Egemenlik,ALL,18 Years,No upper limit,Anxiety,"Inclusion Criteria: Being a first-degree relative who has given consent, Being able to understand and speak Turkish, Bei..."
NCT06109493,Effects of an ACT-based Psychological Treatment in Patients With Chronic Kidney Disease,RECRUITING,NA,104,ESTIMATED,1,No US/listed site,ALL,18 Years,No upper limit,"Chronic Kidney Diseases, Depression",Inclusion Criteria: Patients with chronic kidney disease on haemodialysis Older than 18 years-old At least 3 months on h...
NCT05282277,Examining the Effects of Estradiol on Neural and Molecular Response to Reward,RECRUITING,PHASE4,103,ESTIMATED,1,North Carolina,FEMALE,45 Years,55 Years,"Depression, Psychosis, Anhedonia",Inclusion Criteria: Provision of signed and dated informed consent form Stated willingness to comply with all study proc...
NCT07023978,"on General Well-being, Anxiety, and Physical Activity in Pregnant Women",ACTIVE_NOT_RECRUITING,NA,102,ACTUAL,1,No US/listed site,FEMALE,18 Years,40 Years,Pregnancy,Inclusion Criteria: Pregnant women between the ages of 18-40 who have a new pregnancy detected by USG Pregnant women who...
NCT06699745,Comparison of the Effects of Music and White Noise in Children Performed Endoscopy,ENROLLING_BY_INVITATION,NA,102,ESTIMATED,1,Avcilar,ALL,6 Years,12 Years,"School Age Children, Endoscopy, Gastrointestinal","Inclusion Criteria: School age (6-12 years old) child, Have not had an endoscopy procedure before, Have not had a surgic..."
NCT06240325,Sleep Promotion Program Primary Care,RECRUITING,NA,100,ESTIMATED,1,Pennsylvania,ALL,12 Years,18 Years,"Sleep, Sleep Disturbance, Insufficient Sleep",Inclusion Criteria: Youth: Able and willing to provide informed assent (with consent from parent/guardian) Ages 12-18 Cu...
NCT05899660,Impact of Omega 3 in Alcohol Use Disorder,RECRUITING,NA,100,ESTIMATED,1,No US/listed site,ALL,18 Years,70 Years,"Alcohol Use Disorder, Severe",Inclusion Criteria: Diagnosis of alcohol use disorder (≥ 4 DSM-5 criteria) Patient at the hospital for a 3 week alcohol ...
NCT07477873,"Evaluation of Emotional Responses Using the I-Motions System and Self-assessment Questionnaires, and Assessment of Postoperative Anatomical and Structural Units (TMJ and Masticatory Muscles) in Orthognathic Surgery Patients",ENROLLING_BY_INVITATION,NA,100,ESTIMATED,1,Kauno,ALL,18 Years,No upper limit,"Orthognathic Surgery, Malocclusions, Jaw Abnormalities, Dentofacial Deformities, Temporomandibular Joint, Masticatory Muscles, Sleep Quality, Anxiety",Inclusion Criteria: Patients treated at the Lithuanian University of Health Sciences (LSMU) Kaunas Clinics Department of...
NCT07219056,Safe & Sound Protocol in Adults With Trauma and SUD,RECRUITING,NA,100,ESTIMATED,1,Pennsylvania,ALL,18 Years,75 Years,"Substance Use Disorders, Posttraumatic Stress Symptom, Anxiety",Inclusion Criteria: Ages 18 years old to 75 years old In residential treatment for substance use disorder. Has a history...
NCT05002309,Treatment Interrupts Depression Early,RECRUITING,PHASE2,100,ESTIMATED,2,"Nova Scotia, Quebec",ALL,12 Years,25 Years,Depression,"Inclusion Criteria: Age 12-25 years Diagnosis of major depressive disorder, onset of the major depressive disorder withi..."
NCT05818696,Uncertainty and Firearms: Obtaining Secure Storage,RECRUITING,NA,100,ESTIMATED,1,Ohio,ALL,18 Years,No upper limit,Anxiety,"Inclusion Criteria: are currently serving in any Branch or Component of the U.S. military, or were discharged from the U..."
NCT05699525,Personalized Mobile Cognitive Behavioral Therapy Application,RECRUITING,NA,100,ESTIMATED,1,New York,ALL,18 Years,25 Years,"Anxiety Disorders and Symptoms, Depression, Bipolar Disorder, Symptoms","Inclusion Criteria: Age between 18 and 25 years. Primary diagnosis of an anxiety, depressive, or bipolar disorder as det..."
NCT07304219,Physical Activity Based Treatment for Youth With Depression and Anxiety,ENROLLING_BY_INVITATION,NA,100,ESTIMATED,1,Vestland,ALL,8 Years,18 Years,Anxiety Depression,Inclusion Criteria: Admitted to treatment for psychiatric disorder at the Child and Adolescent Mental Health Services at...
NCT05319509,Pilot Study of Virtual Reality Therapy for Students With Anxiety,RECRUITING,NA,100,ESTIMATED,1,Texas,ALL,18 Years,30 Years,Anxiety,Inclusion Criteria: enrolled in The University of Texas Health Science Center School of Public Health San Antonio region...
NCT06132178,Psilocybin rTMS for Treatment Resistant Depression,RECRUITING,PHASE2,100,ESTIMATED,1,Texas,ALL,22 Years,65 Years,"Treatment Resistant Depression, MDD, Major Depressive Disorder, Recurrent Depression, Depression","Inclusion Criteria: 1. Adults, ages 22-65. 2. English language comprehension suitable to understand experimenter instruc..."
NCT07686133,Digital Education in Colorectal Cancer Patients,ENROLLING_BY_INVITATION,NA,100,ESTIMATED,1,No US/listed site,ALL,18 Years,No upper limit,"Colorectal Cancer, Patient Satisfaction, Patient Engagement, Patient",Inclusion Criteria: Adult patients (≥18 years of age). Biopsy-proven adenocarcinoma of the colon or rectum. Evaluated fo...
NCT06807801,Baby Swim As an Intervention for Depressive Symptoms and Lacking Attachment During the Postpartum Period,RECRUITING,NA,100,ESTIMATED,1,No US/listed site,FEMALE,18 Years,No upper limit,"Depression - Major Depressive Disorder, Attachment, Postpartum",Inclusion Criteria: Women who have given birth at full term are 18 years or older have a baby aged 3-7 months at the tim...
NCT07606248,Virtual Forest-Based Mindfulness for Perinatal Mental Health,RECRUITING,NA,100,ESTIMATED,1,No US/listed site,FEMALE,18 Years,No upper limit,"Perinatal Anxiety, Perinatal Depression, Maternal Mental Health",Inclusion Criteria: Pregnant women aged 18 years or older Gestational age below 25 weeks at recruitment Able to communic...
NCT07228520,Strength and Pain-Coping Through Resilience and Knowledge,RECRUITING,NA,100,ESTIMATED,1,Maryland,ALL,50 Years,No upper limit,"Pain, Depressive Symptoms, Aging",Inclusion Criteria: Self-report pain >3 out of a 0 -10 scale that has lasted longer than 3 months and keeps subjects fro...
NCT04739969,Rapid Acting Transcranial Magnetic Stimulation,ACTIVE_NOT_RECRUITING,NA,100,ESTIMATED,1,California,ALL,22 Years,65 Years,Treatment Resistant Depression,"Inclusion Criteria: 1. Male or Female, between the ages of 22 and 65 at the time of screening. 2. Able to read, understa..."
NCT07466277,Intermittent Theta Burst Stimulation of the Prefrontal Cortex in Social Anxiety Disorder,RECRUITING,NA,100,ESTIMATED,1,Zhejiang,ALL,16 Years,70 Years,Social Anxiety Disorder (SAD),Inclusion Criteria: Eligible participants must be right-handed individuals aged 16 to 70 years who meet the diagnostic c...
NCT06361342,Smartphones Aggravating Anxiety Symptoms,ACTIVE_NOT_RECRUITING,NA,100,ESTIMATED,1,Minnesota,ALL,18 Years,No upper limit,Anxiety,Inclusion Criteria: For patients aged 18 years or older experiencing mild symptoms of anxiety or depression and who have...
NCT06866457,Audio Hypnosis for Reducing Anxiety in Children and Adolescents Undergoing MRI: A Randomized Controlled Trial,RECRUITING,NA,100,ESTIMATED,1,No US/listed site,ALL,6 Years,14 Years,"Hypnosis, Anxiety, Preoperative",Inclusion Criteria: Age between 6 and 14 years Planned MRI examination without anesthesia Subjects should have a good un...
NCT07354113,Feasibility and Acceptability of Peer Intervention for Improving Mental Health Among People Accessing Hormone Care,ACTIVE_NOT_RECRUITING,NA,100,ESTIMATED,1,Michigan,ALL,18 Years,No upper limit,"Hormone Care, Mild Depression, Anxiety",Inclusion Criteria: Patients with hormone condition aged 18 years or older and English speaking Initiating or receiving ...
NCT07323784,A Study of NTX-1472 in Social Anxiety Disorder,RECRUITING,PHASE2,100,ESTIMATED,11,"California, Florida, Massachusetts, Nevada, New York, Tennessee, Texas",ALL,18 Years,65 Years,Social Anxiety Disorder (SAD),Key Inclusion Criteria Has provided written informed consent for the study and is willing to comply with all requirement...
NCT06319378,Cancer Related Major Depression Treated With a Single Dose of Psilocybin,RECRUITING,PHASE2,100,ESTIMATED,4,"Göteborg, Stockholm County, Uppsala County, Örebro County",ALL,20 Years,80 Years,MDD,Inclusion Criteria signed informed consent via minavårdkontakter.se Are 20 to 80 (inclusive) years old at the time of s...
NCT05356364,Improving Negative Stressful Perseverations in Insomnia to Revitalize Expecting Moms (INSPIRE),ACTIVE_NOT_RECRUITING,NA,100,ESTIMATED,1,Michigan,FEMALE,18 Years,40 Years,"Insomnia, Depression","Inclusion Criteria: 1. Singleton pregnancy, gestational week 14-31. 2. DSM-5 Insomnia Disorder (acute or chronic). 3. In..."
NCT07206186,Effect of Music on Patient Comfort,ACTIVE_NOT_RECRUITING,NA,100,ESTIMATED,1,State of Vienna,ALL,18 Years,70 Years,Perioperative Anxiety,Inclusion Criteria: Written informed consent Elective ophthalmological surgery under general anesthesia (e.g. strabismus...
NCT07325929,Online Radical Acceptance Intervention for Social Anxiety Disorder,RECRUITING,NA,100,ESTIMATED,1,No US/listed site,ALL,18 Years,45 Years,Social Anxiety Disorder (SAD),Inclusion Criteria: Aged 18-45 Score > 9 on Mini-SPIN Positive responses in brief phone screening Eligibility confirmed ...
NCT06071221,Improving the Mental Health of Home Health Aides,RECRUITING,NA,100,ESTIMATED,2,New York,ALL,18 Years,No upper limit,Mental Health Issue,Inclusion Criteria: Currently working as a home health aide Speak English or Spanish ≥ 18 years of age Have mild depress...
NCT03226028,"Perioperative Music Listening on Anxiety, Analgesia Use and Patient Satisfaction",ACTIVE_NOT_RECRUITING,NA,100,ACTUAL,1,No US/listed site,FEMALE,21 Years,70 Years,"Music, Pain, Anxiety, Patient Satisfaction, Analgesia",Inclusion Criteria: Healthy participants who are American Society of Anesthesiologists (ASA) 1 and 2 (with well-controll...
NCT04565041,Social Support and Enhanced Fear Extinction,ACTIVE_NOT_RECRUITING,NA,100,ESTIMATED,1,California,ALL,18 Years,55 Years,"Fear, Anxiety",Inclusion Criteria: healthy adults 18 to 55 fluent in English no history of mental illness (healthy participants: includ...
NCT07427758,Effect of Cognitive Behavioral Therapy on Kinesiophobia and Functional Outcomes After Total Hip Arthroplasty.,RECRUITING,NA,100,ESTIMATED,1,Giza Governorate,ALL,18 Years,80 Years,"Total Hip Arthroplasty (THA), Kinesiophobia (Fear of Movement)",Inclusion Criteria: ((1) postoperative unilateral THA for the first time; (2) at least primary education; (3) ≥18 years ...
NCT07653113,Adjunctive Resonance-Based Chinese Five-Element Music Intervention for Depressive Disorders and Anxiety Symptoms in Male Inpatients,ENROLLING_BY_INVITATION,NA,100,ESTIMATED,1,Shanxi,MALE,18 Years,44 Years,"Depressive Disorder, Anxiety, Randomised Controlled Trial",Inclusion Criteria: meeting both the ICD-11 diagnostic criteria for depressive episode or recurrent depressive disorder ...
NCT07193901,"A Study to Evaluate the Efficacy, Safety, and Pharmacokinetic Characteristics of (R)-Ketamine Hydrochloride Nasal Spray in Patients With Depression and Acute Suicidal Ideation or Behavior",RECRUITING,PHASE2,98,ESTIMATED,8,No US/listed site,ALL,18 Years,64 Years,Major Depressive Disorder (MDD,Inclusion Criteria: 1. Participant must meet Diagnostic and Statistical Manual of Mental Disorders (5th edition) (DSM-5)...
NCT07587112,Explore Neural Mechanism of Obsessive-Compulsive Disorder (OCD) by Intervention of Repetitive Transcranial Magnetic Stimulation With Symptom Provocation,RECRUITING,NA,96,ESTIMATED,1,No US/listed site,ALL,18 Years,65 Years,Obsessive-Compulsive Disorder (OCD),Inclusion Criteria: Adults aged 18-65 years. Diagnosis of obsessive-compulsive disorder according to DSM-5 criteria. Tre...
NCT06630065,Study of the Neural Circuits Underlying the Negative Emotional Bias of Depressive Disorders and Their Response to Ketamine,RECRUITING,NA,96,ESTIMATED,1,Paris,ALL,18 Years,No upper limit,Depressive Disorder,Inclusion Criteria: Patient inclusion criteria : Age over 18 Patient hospitalized or consulting at GHU Paris Psychiatrie...
NCT06640907,Feasibility Study and Pilot Hybrid Effectiveness-Implementation Trial for the Universal Prevention of Maternal Perinatal Mental Disorders as Normalized Routine Practice (e-Perinatal Pilot),RECRUITING,NA,96,ESTIMATED,1,Seville,ALL,18 Years,No upper limit,"Perinatal Depression, Perinatal Anxiety",Inclusion criteria for mothers: Must receive an invitation to participate from a healthcare professional at one of the p...
NCT07137000,The Effect of Art Therapy in Patients Undergoing Colorectal Cancer,ACTIVE_NOT_RECRUITING,NA,96,ESTIMATED,1,No US/listed site,ALL,18 Years,70 Years,"Colon Cancer, Rectum Cancer","Inclusion Criteria: Between the ages of 18 and 70, Planned colorectal cancer surgery, Not receiving neoadjuvant treatmen..."
NCT06429956,Combining Treatment Components in Transdiagnostic Therapy for Anxiety and Depression,RECRUITING,NA,93,ESTIMATED,1,No US/listed site,ALL,18 Years,No upper limit,"Depression, Anxiety","Inclusion Criteria: 1. Age ≥ 18 years. 2. A diagnosis of an anxiety disorder (generalized anxiety disorder, social anxie..."
NCT07636005,Psychological Empowerment Program in Preventing Postpartum Depression Among Pregnant Women,ACTIVE_NOT_RECRUITING,NA,92,ESTIMATED,1,West Sumatra,FEMALE,18 Years,No upper limit,Postpartum Depression,Inclusion Criteria : Pregnant women between 30-33 weeks of gestation Primiparous Age 18 years and above Able to read and...
NCT07322484,Supportive Care-Based Training and Psychological Outcomes in Midwifery Students,ACTIVE_NOT_RECRUITING,NA,92,ACTUAL,1,Mersin,FEMALE,18 Years,No upper limit,"Clinical Self-Efficacy, Psychological Outcomes, Secondary Traumatic Stress",Inclusion Criteria: Voluntary participation in the study Native Turkish speakers Enrollment as a fourth-year student in ...
NCT00494728,Smoking Cessation for Depressed Smokers,ACTIVE_NOT_RECRUITING,"PHASE1, PHASE2",91,ACTUAL,1,Texas,ALL,16 Years,No upper limit,"Smoking, Depression","Inclusion Criteria: 1. Currently meeting DSM-IV criteria for major depressive disorder, recurrent; or major depressive d..."
NCT07734454,Immersive Visual Modulation and Ambient Music Therapy During Transvaginal Ultrasonography in Women With Vaginismus,ENROLLING_BY_INVITATION,NA,90,ESTIMATED,1,No US/listed site,FEMALE,20 Years,40 Years,Vaginismus,Inclusion Criteria: Female participants aged 20-40 years. Diagnosis of Genito-Pelvic Pain/Penetration Disorder (GPPPD; v...
NCT07780084,"Stratified Care Intervention for Suicidal Ideation, Depression, and Non-Suicidal Self-Injury in Adolescents (Reframe-IT+ & CARIBOU)",ACTIVE_NOT_RECRUITING,NA,90,ACTUAL,1,No US/listed site,ALL,14 Years,18 Years,"Depression in Adolescence, Suicidal Ideation, Non Suicidal Self Injury","Inclusion Criteria: 1. Schools Located in Santiago, Chile Secondary school (1st through 4th year of secondary school) At..."
NCT06902636,Geriatric Trauma Care Program for Living Alone Older Adults With Injuries,RECRUITING,NA,90,ESTIMATED,1,Kaohsiung,ALL,65 Years,No upper limit,"Limb Injury, Older Adults, Geriatric, Pain, Geriatric Depression, Barthel Index, Quality of Life, Loneliness",Inclusion Criteria: 1. willing to join this study for three months 2. with limb injuries 3. living alone in a household ...
NCT04620759,Psilocybin Treatment of Major Depressive Disorder With Co-occurring Alcohol Use Disorder,ACTIVE_NOT_RECRUITING,PHASE2,90,ESTIMATED,1,Maryland,ALL,21 Years,65 Years,"Major Depressive Disorder, Alcohol Use Disorder",Inclusion Criteria: 21 to 65 years old Fluent in English Have given written informed consent Have at least a high-school...
NCT06439043,Cultural Adaptation of EMDR for Major Depressive Disorder and Compaire Its Online and Face-to-Face Testing,RECRUITING,NA,90,ESTIMATED,1,No US/listed site,ALL,20 Years,50 Years,Major Depressive Disorder 1,Inclusion Criteria: 1. The patient should exhibit symptoms of Major Depressive Disorder. 2. Male and female patients wil...
NCT05999578,Contribution of Hypnosis on Image Quality in Cardiac MRI,RECRUITING,NA,90,ESTIMATED,1,No US/listed site,ALL,18 Years,No upper limit,Anxiety,Inclusion Criteria: Anxious patient (anxiety score TRAIT (baseline) and anxiety score STATE (situational) ≥ 46) and non-...
NCT07456111,A Comparison of Remimazolam Besylate and Propofol Sedation in Patients Undergoing Colonoscopic Polypectomy,RECRUITING,PHASE4,90,ESTIMATED,1,No US/listed site,ALL,18 Years,60 Years,"Colonic Polyp, Sedation Complication","Inclusion Criteria: Patients both male and female ages 18 to 60 years, with one or more colonic polyps confirmed by colo..."
NCT07055178,Perioperative Virtual Reality Intervention for Pain and Anxiety During Vasectomies,RECRUITING,NA,90,ESTIMATED,1,Manitoba,MALE,18 Years,No upper limit,"Vasectomy, Pain, Anxiety, Virtual Reality",Inclusion Criteria: 18 years of age or older. Can speak and read English. Have elected for a vasectomy. Are scheduled to...
NCT05117983,Non-invasive Brain Stimulation Normalizes Dopaminergic Transmission in the Frontostriatal Circuit to Alleviate Depression With Metabolic Disorders.,ACTIVE_NOT_RECRUITING,NA,90,ESTIMATED,1,No US/listed site,ALL,20 Years,70 Years,Depression,Inclusion Criteria: (1)Signed informed consent by patient or legal representative; (2) male or female patient aged ≧20 a...
NCT07594743,Feasibility and Acceptability of a Novel Digital Intervention to Prevent Paternal Postpartum Depression,RECRUITING,NA,90,ESTIMATED,1,Rhode Island,ALL,18 Years,No upper limit,"Paternal Postpartum Depression, Postpartum Anxiety","Inclusion Criteria: 1. English-speaking (for now, TIP is only available in English) 2. age >18 years old, 3. smartphone ..."
NCT07630623,"Effects of Progressive Muscle Relaxation Exercise and Finger Grip Exercise on Stress, Anxiety, Fatigue, Sleep Quality, and Physiological Parameters in Pregnant Women With Preeclampsia",ENROLLING_BY_INVITATION,NA,90,ESTIMATED,1,Altinordu,FEMALE,18 Years,No upper limit,"Pregnancy, Preeclampsia",Inclusion Criteria: 18 years of age or older Diagnosed with preeclampsia In their 20th week of pregnancy or older Know a...
NCT07061132,AI-Powered Interview Simulation to Improve Employability and Reduce Anxiety in Nursing and Midwifery Students,ACTIVE_NOT_RECRUITING,NA,90,ACTUAL,1,No US/listed site,ALL,18 Years,No upper limit,"Employment Anxiety, Perceived Employability, Educational Technology, Artificial Intelligence (AI), Nursing Education Research, Midwifery Education, Simulation Training",Inclusion Criteria: Must be 18 years of age or older Must be a senior-year student enrolled in a nursing or midwifery pr...
NCT06635486,Improving Mental Health in Forcibly Displaced Populations,RECRUITING,NA,90,ESTIMATED,1,No US/listed site,ALL,18 Years,No upper limit,"Anxiety, Post Traumatic Stress Disorder, Depression","Inclusion Criteria: To be eligible to participate in this study, an individual must meet all of the following criteria: ..."
NCT06956157,NAC for Treatment-Resistant OCD and Other Related Disorders,ACTIVE_NOT_RECRUITING,PHASE4,90,ESTIMATED,1,Guangdong,ALL,12 Years,55 Years,Obsessive Compulsive Disorder (OCD),1.Inclusion Criteria for Patient: (1) Age between 12 and 55 years. (2) A primary diagnosis of OCD according to DSM-5 cri...
NCT06687447,"The Effect of Two Methods Applied to Mothers on Insufficient Milk Perception, Breastfeeding Motivation, Fatigue, Anxiety",RECRUITING,NA,90,ESTIMATED,1,No US/listed site,FEMALE,18 Years,No upper limit,Caesarean Section,Inclusion Criteria: Mothers who gave birth at the age of 18 and over The one who is married At least primary school grad...
NCT06928480,Effectiveness and Acceptability of the Unified Protocol for the Transdiagnostic Treatment of Emotional Disorders in People With Long COVID-19.,RECRUITING,NA,90,ESTIMATED,2,Zaragoza,ALL,18 Years,No upper limit,"Long Covid-19, Emotional Disorder, Anxiety, Depression Disorders, Emotion Regulation",Inclusion Criteria: Residing in Autonomous Community of Aragon (Spain). Being at least 18 years old. Understanding of Sp...
NCT06628986,"MBSR and NLP, Postpartum Breastfeeding and Depression",RECRUITING,NA,90,ESTIMATED,1,Eyalet/Yerleşke,FEMALE,19 Years,35 Years,"Breastfeeding, Exclusive, Fatigue, Sleep, Postpartum Depression",Inclusion Criteria: 19-35 years old caesarean section primiparous breastfeeding women Exclusion Criteria: women who refu...
NCT06316804,Mobile Mental Health Stigma Reduction Intervention Among Black Adults,ACTIVE_NOT_RECRUITING,NA,90,ESTIMATED,1,Massachusetts,ALL,18 Years,45 Years,"Anxiety, Depression, Health Knowledge, Attitudes, Practice, Stigmatization, Mobile Phone Use",Inclusion Criteria: 1. If you identify as Black American or Black immigrant 2. Experience or been diagnosed with depress...
NCT07393737,The Effect of Using Virtual Reality and Kaleidoscope During Renal Scintigraphy on Children's Fear and Anxiety,ENROLLING_BY_INVITATION,NA,90,ESTIMATED,1,Mersin,ALL,4 Years,6 Years,Fear Anxiety,Inclusion Criteria: Being between 4 and 6 years of age Speaking Turkish Having no communication problems Administration ...
NCT07102017,A Randomized Controlled Trial of Robotic Support for Enhanced Later Life (RoSELL),ACTIVE_NOT_RECRUITING,NA,90,ESTIMATED,1,No US/listed site,ALL,65 Years,No upper limit,"Loneliness, Well-Being, Psychological, Depression - Major Depressive Disorder","The inclusion criteria of this program are: (1) being aged 65 or above, (2) living within the elderly community center f..."
NCT07265960,"Effects of Virtual Reality and Stress Ball on Fear, Pain, Anxiety, and Satisfaction in Ureterorenoscopy Patients",RECRUITING,NA,90,ESTIMATED,1,Tarsus,ALL,18 Years,No upper limit,Ureteroscopy,"Inclusion Criteria: • Aged 18 years or older, Scheduled for ureteroscopy (URS), Fully conscious, oriented, and cooperati..."
NCT06853106,Digital Sleep Program for College Students with Insomnia,RECRUITING,NA,90,ESTIMATED,1,No US/listed site,ALL,18 Years,26 Years,Insomnia,Inclusion Criteria: 1. Registered as a full-time student 2. Aged 18 to 26 years old 3. Experiencing insomnia for at leas...
NCT07209696,Storybook and Animation Video Adjuncts to Tell-Show-Do in Pediatric Dentistry,ACTIVE_NOT_RECRUITING,NA,90,ESTIMATED,1,Battalgazi,ALL,4 Years,8 Years,"Dental Anxiety, Dental Fear, Child Behavior, Cooperation During Dental Treatment",Inclusion Criteria: Children aged 4 to 8 years Requiring dental treatment in the pediatric dentistry clinic Classified a...
NCT07482345,Impact of Different Fasting Strategies on Gastric Ultrasound and Anxiety Levels in Children,RECRUITING,NA,90,ESTIMATED,2,"Bursa, Nilufer",ALL,2 Years,12 Years,"Preoperative Fasting, Enhanced Recovery After Surgery (ERAS) Protocol, Pediatric Surgery","Inclusion Criteria: Patients scheduled to undergo elective surgery under general anesthesia for circumcision, undescende..."
NCT07380412,A Study to Evaluate the Effects of a Supplement on the Side Effects Associated With Stimulant Medications,RECRUITING,NA,90,ESTIMATED,1,Nevada,ALL,18 Years,55 Years,"ADHD, Sleep Disturbance, Brain Fog","Inclusion Criteria: Aged 18-55 years Currently prescribed stimulant medication for ADHD Experiencing: sleep difficulty, ..."
NCT07620873,Effects of Virtual Reality Education on Anxiety and Learning in Patients Undergoing Urolithiasis Surgery,RECRUITING,NA,90,ESTIMATED,1,No US/listed site,ALL,18 Years,No upper limit,"Urolithiasis, Kidney Stone, Ureter Stones","Inclusion Criteria: Patients scheduled to undergo urolithiasis surgery with procedure codes 77026B, 77027B, 77028B, or 7..."
NCT07017543,Dynamics of Psychotherapy and Treatment Outcomes,ACTIVE_NOT_RECRUITING,NA,89,ACTUAL,1,Małopolska,ALL,18 Years,No upper limit,"Mental Disorders, Neurotic Disorders, Personality Disorders",Inclusion Criteria: diagnostic criteria for neurotic disorders (ICD-10: F40-F48.9) or personality disorders of mild to m...
NCT07506720,Early Mobilization Following Elective Spine Surgery: Trial of In-bed Cycling,RECRUITING,NA,88,ESTIMATED,1,Quebec,ALL,18 Years,No upper limit,"Spine, Post Surgery Patients, Recovery Method",Inclusion Criteria Male or female ≥ 18 years old. Postoperative #0 following elective spinal surgery: decompression with...
NCT06935526,"Mobile Education and Telephone Monitoring for ICD Patients: Effects on Anxiety, Acceptance, and Self-Efficacy",ENROLLING_BY_INVITATION,NA,88,ESTIMATED,1,Konyaaltı,ALL,18 Years,No upper limit,"Patient Acceptance of Health Care, Nursing, Implantable Cardioverter Defibrillator (ICD), Self-Efficacy, Shock, Cardiogenic",Inclusion Criteria: Having an ICD implant Being able to read and write Being 18 years of age or older Not having a cogni...
NCT06430853,Psychobiological Interventions in Pregnancy,ENROLLING_BY_INVITATION,NA,88,ESTIMATED,1,California,FEMALE,18 Years,No upper limit,"Pregnancy Complications, Mental Health Issue, Depression, Anxiety, Pregnancy, High Risk, Biological Clock Disturbance",Inclusion Criteria: Able to read and write in English or Spanish Presenting for a prenatal visit with a viable singleton...
NCT05906849,Where We All Meet: ACT Approach to Adolescents Anxiety Disorders,RECRUITING,NA,87,ESTIMATED,1,No US/listed site,ALL,14 Years,18 Years,"Social Anxiety Disorder, Generalized Anxiety Disorder",Inclusion Criteria: Healthy adolescent's sample: No mental health diagnosis; Adolescents with SAD sample: Main diagnosis...
NCT07003763,Electroacupuncture on Treating Cancer-related Depression,RECRUITING,NA,86,ESTIMATED,1,No US/listed site,ALL,18 Years,75 Years,"Depression, Cancer","Inclusion Criteria: 1. Presence of depression attributed to cancer itself or cancer-related treatments, meeting the diag..."
NCT05897021,Expressive Writing on Minority Stressors Among Sexual Minority Veterans,RECRUITING,NA,85,ESTIMATED,1,Massachusetts,ALL,18 Years,No upper limit,"Depressive Symptoms, Anxiety","Inclusion Criteria: Participants will be Veterans who: identify as a sexual minority (i.e., identify as gay, lesbian, bi..."
NCT06005766,The Efficacy of Metacognitive Skills Training in the Context of Forensic Psychiatric Care,RECRUITING,NA,85,ESTIMATED,1,No US/listed site,ALL,18 Years,No upper limit,"Schizophrenia, Schizoaffective Disorder, Psychotic Disorders, Delusional Disorder, Psychotic Depression",Inclusion Criteria (patients): Willingness to participate in a scientific study Diagnosis of a psychosis spectrum disord...
NCT07007234,Sedentary Behavior and Depressive Symptoms,RECRUITING,NA,84,ESTIMATED,2,"SO, São Paulo",ALL,18 Years,No upper limit,"Depression, Anxiety",Inclusion Criteria: individuals aged over 17 years; mild to severe depressive symptoms. Exclusion Criteria: cancer in th...
NCT07737353,Effect of Structured Education for Family Members of Intensive Care Patients Undergoing Tracheostomy,RECRUITING,NA,84,ESTIMATED,1,Giresun,ALL,18 Years,No upper limit,"Tracheostomy, Critical Illness, Intensive Care",Inclusion Criteria: Family member or primary caregiver of a patient scheduled to undergo tracheostomy in one of the part...
NCT06188923,A New Intervention to Improve Function in Veterans With Anxiety and Depression,RECRUITING,PHASE2,84,ESTIMATED,1,North Carolina,ALL,18 Years,65 Years,Anxiety and Depression,Inclusion Criteria: Veterans enrolled for care at the Durham VAHCS Veterans who score a minimum score of 20 or higher (m...
NCT07770204,Perioperative Meditation Music Intervention in Patients With Type 2 Diabetes Undergoing Elective Surgery,RECRUITING,NA,84,ESTIMATED,1,Istanbul,ALL,40 Years,70 Years,Diabetes Type 2,Inclusion Criteria: Diagnosed with type 2 diabetes mellitus. Scheduled to undergo elective surgery. Aged 40 to 70 years....
NCT07119983,"Effect of Stress Ball Applied During Surgical Debridement/Dressing on Pain, Distress, and Physiological Parameters in Patients With Diabetic Foot Ulcers",RECRUITING,NA,84,ESTIMATED,1,Tarsus,ALL,18 Years,No upper limit,Diabetic Foot Ulcer Associated With Type II Diabetes Mellitus,Inclusion Criteria: Patients who agree to participate in the study and sign the Informed Consent Form will be included i...
NCT07497347,Effects of Specific Amino Acid Supplementation and Lifestyle Factors on Brain Ageing,RECRUITING,NA,84,ESTIMATED,1,No US/listed site,ALL,65 Years,85 Years,Late-Life Depression,"Inclusion Criteria: Age 65-85 years; Presence of depressive symptoms, defined as a score ≥ 5 on the Geriatric Depression..."
NCT07168187,The Effect of Reflexology on Time to Delivery During Induction of Labor,RECRUITING,NA,84,ESTIMATED,1,No US/listed site,FEMALE,18 Years,No upper limit,"Reflexology, Labor Induction, Extra Amniotic Balloon",Inclusion Criteria: Age of ≥18 years Gestational age of >37 weeks Vertex presentation Intact membranes Station of the fe...
NCT07119138,Effect of Emotional Freedom Technique on Nursing Students Exam Anxiety,RECRUITING,NA,82,ESTIMATED,1,No US/listed site,ALL,18 Years,35 Years,"Pre-Exam Anxiety, Emotional Freedom Technique",Inclusion Criteria: Volunteers to participate in the study • Qualified to take the final exam of the Surgical Diseases N...
NCT06723158,Oral Surgery Virtual Reality Glasses Study,RECRUITING,NA,80,ESTIMATED,1,Massachusetts,ALL,16 Years,65 Years,"Procedural Anxiety, Procedural Pain",Inclusion Criteria: Patients requiring IV sedation for oral surgery procedure Patients able to understand the use of vir...
NCT06949813,"Preventing Maternal Mood, Anxiety, and Trauma Symptoms After Cesarean Delivery",RECRUITING,NA,80,ESTIMATED,1,Colorado,FEMALE,,No upper limit,"Anxiety in Pregnancy, Mood Disorder Due to Specified Medical Condition",Inclusion Criteria: Pregnant Patients at 22-37 weeks gestation Single or multiple gestation Nulliparous or multiparous (...
NCT04832685,Neuromodulation of Mind-Wandering in Depression,ACTIVE_NOT_RECRUITING,NA,80,ESTIMATED,1,Massachusetts,ALL,18 Years,64 Years,Depression,Inclusion Criteria: 1. Male or female 2. Age 18-64 3. Right-handed 4. Normal or corrected-to normal vision and hearing 5...
NCT06508450,A Mental Health Services Engagement Program for Racial and Ethnic Minority Young Adults,RECRUITING,NA,80,ESTIMATED,1,New York,ALL,18 Years,34 Years,"Psychosis, Bipolar and Related Disorders, Depressive Disorder",Inclusion Criteria: Aged 18-34 From groups other than non-Hispanic White Enrolled in services at the partnering clinic s...
NCT06289010,Neural Mechanisms of Family-Focused Treatment for Youth Depression,RECRUITING,NA,80,ESTIMATED,2,Massachusetts,ALL,7 Years,12 Years,Childhood Depression,"Inclusion Criteria: Children must: Have a current DSM-5 diagnosis of MDD, Persistent DD, or DDNOS (based on K-SADS-PL) O..."
NCT07560878,Synaptic Mechanisms of Continuous Theta Burst Stimulation in Depression,RECRUITING,EARLY_PHASE1,80,ESTIMATED,1,Massachusetts,ALL,18 Years,No upper limit,Major Depression,Inclusion Criteria: Can safely receive TMS and study drugs Stable medication regimen for one month prior to study partic...
NCT06574035,Michigan Men's Diabetes Project III(MenDIII): Mind and Motion,RECRUITING,NA,80,ESTIMATED,1,Michigan,MALE,18 Years,No upper limit,"Diabetes Mellitus, Type 2, Depressive Symptoms, Depression",Inclusion Criteria: African American/Black males age 18 years or older ambulatory status diagnosis of Type 2 Diabetes (T...
NCT05712772,Neuro-affective Response to Light in Depressed Adolescents and Young Adults,ACTIVE_NOT_RECRUITING,NA,80,ESTIMATED,1,Pennsylvania,ALL,12 Years,30 Years,"Depression in Adolescence, Depression in Adults",Inclusion Criteria: Elevated Depressive Symptoms [PHQ9≥5 And (Item 1≥1 or Item 2≥1)] (If <18yr) Parent or guardian can a...
NCT06238700,Study on Allopregnanolone and Depression in Women Across the Menopause Transition,RECRUITING,NA,80,ESTIMATED,1,Massachusetts,FEMALE,40 Years,60 Years,Depression,Inclusion Criteria: Healthy women ages 40 to 60 years in the menopause transition Depressive symptoms Psychotropic medic...
NCT06969248,Program to Increase Fathers' Involvement in Infant Care,ACTIVE_NOT_RECRUITING,NA,80,ACTUAL,1,No US/listed site,MALE,18 Years,No upper limit,"Randomised Controlled Trial, Public Health Nursing, Child Health","Inclusion Criteria Having a healthy baby between 4-12 months old, Being a first-time father, Volunteering to participate..."
NCT06389565,Change My Story Task Shifted Mental Health Intervention,RECRUITING,NA,80,ESTIMATED,1,Oyo State,ALL,16 Years,29 Years,"Hiv, Depression, Psychological Distress",Inclusion Criteria: HIV-positive age 16-29 years self-reported proficiency in reading and understanding English. PHQ9 sc...
NCT07305740,On-Trac: An Online Intervention for Cancer Survivors Managing Anxiety,RECRUITING,NA,80,ESTIMATED,1,Massachusetts,ALL,18 Years,No upper limit,"Cancer, Survivorship, Anxiety",Inclusion Criteria: Age ≥ 18 A diagnosis of cancer (except non-melanoma skin cancer) ≥ 12 months prior. No active cancer...
NCT06005194,InMotion - Telehealth Delivered Exercise Promotion to Treat Major Depression After TBI,RECRUITING,NA,80,ESTIMATED,1,Washington,ALL,18 Years,64 Years,"TBI (Traumatic Brain Injury), Depressive Disorder, Major, Clinical Depression, Mood Depressed, Physical Inactivity",Inclusion Criteria: Enrollment in the Traumatic Brain Injury Model System (TBIMS) from one of the six referring centers....
NCT04206969,Assessment of Transcultural Psychotherapy in Child Major Depressive Disorder,ACTIVE_NOT_RECRUITING,NA,80,ESTIMATED,4,No US/listed site,ALL,6 Years,20 Years,Major Depressive Disorder,Inclusion Criteria: Be a child aged or an adolescent aged 6-20 years-old (this may be a declaratory age at the time of t...
NCT07348497,Effects of Preoperative Education on Anxiety and Emergence Agitation,ACTIVE_NOT_RECRUITING,NA,80,ESTIMATED,1,Üsküdar,ALL,18 Years,No upper limit,"Preoperative Anxiety, Emergence Agitation, Surgical Patients",Inclusion Criteria: Age 18 years or older Scheduled for elective general surgery under general anesthesia American Socie...
NCT06324864,START NOW Adapted: Culturally Adapted Version of START NOW,RECRUITING,NA,80,ESTIMATED,1,Canton of Basel-City,ALL,14 Years,18 Years,"Depression, Depression/Anxiety, Anxiety, Adolescent, Emotion Recognition, Mental Health, Resilience,Psychological, Refugee Health",Inclusion Criteria: Being a migrant resettled in Switzerland temporarily or permanently Aged between 14 and 18 Able to s...
NCT05489042,Functional Connectivity Alterations in Suicidal Patients Among Opioid Users,RECRUITING,NA,80,ESTIMATED,1,Texas,ALL,18 Years,64 Years,"Substance Abuse, Suicide, Depression",Inclusion Criteria Opioid Use Patients: Each potential subject will be eligible for inclusion in this study only if the ...
NCT07378995,The Effect of Therapeutic Play Applied Before Intramuscular Injection,RECRUITING,NA,80,ESTIMATED,1,No US/listed site,ALL,4 Years,6 Years,"Child, Only, Fear, Pain","Inclusion Criteria: Children aged 4-6 years, Those who will receive intramuscular injections, Those who have been prescr..."
NCT06389175,Non-invasive Vagus Nerve Stimulation as a Tool to Modulate Stomach-Brain Coupling in Depression,ENROLLING_BY_INVITATION,NA,80,ESTIMATED,1,No US/listed site,ALL,18 Years,55 Years,"Depressive Disorder, Major",Inclusion Criteria: Between 18 and 55 years of age BMI between 18.5 and 30kg/m^2 Legally valid declaration of consent MD...
NCT07653022,The Value of the Turkish Translation of the Four-Dimensional Symptom Questionnaire for Turkish-speaking Patients With Psychological Complaints and Language Barriers.,ENROLLING_BY_INVITATION,NA,80,ESTIMATED,1,Brussels Capital,ALL,18 Years,No upper limit,Depression Anxiety Disorder,Inclusion Criteria: We will include GPs who don't speak Turkish. Patients must: be 18 years or older be fluent in Turkis...
NCT07224165,Developing a Digital Intervention for Adolescent Nonsuicidal Self-injury,RECRUITING,NA,80,ESTIMATED,1,Illinois,ALL,14 Years,18 Years,"Nonsuicidal Self-injury, Depression, Anxiety",Inclusion Criteria: Current NSSI (NSSI on 2 or more days in the last month English language skills sufficient to engage ...
NCT05120635,Intracranial Neurophysiological Signatures of Fear and Anxiety in Humans,RECRUITING,NA,80,ESTIMATED,2,"California, North Carolina",ALL,18 Years,70 Years,"Fear, GAD, Emotional Memory, PTSD",Inclusion Criteria: 18 years of age or older Has undergone acute depth or chronic responsive neurostimulation (RNS) elec...
NCT07230990,Mechanisms Of Orbitofrontal Stimulation in Depression,RECRUITING,NA,80,ESTIMATED,1,Massachusetts,ALL,18 Years,65 Years,Major Depressive Disorder (MDD),"Inclusion Criteria: Age 18-65 years Must be able to read, speak and understand English DSM-5 diagnosis of major depressi..."
NCT07167654,Smartphone Application to Support Mothers at Risk of Postpartum Depression,ACTIVE_NOT_RECRUITING,NA,79,ACTUAL,1,No US/listed site,FEMALE,18 Years,45 Years,"Postpartum Depression, Postpartum Depression (PPD)",Inclusion Criteria: 1. Jordanian women aged 18 to 45 years. 2. Primigravida or multigravida 3. Able to speak and read Ar...
NCT06749392,An Individual-specific Synchrony Signature,RECRUITING,NA,78,ESTIMATED,1,No US/listed site,ALL,18 Years,65 Years,Major Depressive Disorder,Inclusion Criteria: Current major depressive disorder based on the Diagnostic and Statistical Manual of Mental Disorders...
NCT06898788,Probiotic Administration for Adolescent Depression,RECRUITING,EARLY_PHASE1,77,ESTIMATED,1,California,ALL,15 Years,24 Years,Depression,"Inclusion Criteria: Female and male participants 15 to 24 years of age Fluency in English Access to smartphone, tablet, ..."
NCT07017023,Combined Blood Pressure Medication and Activity Scheduling for Low Mood,RECRUITING,EARLY_PHASE1,76,ESTIMATED,1,Oxfordshire,ALL,18 Years,65 Years,"Emotional Processing, Mood",Inclusion Criteria: Willing and able to provide informed consent Aged 18-65 years Self-reported low levels of positive m...
NCT07353697,Evaluation of Therapeutic Play Methods on Preoperative Anxiety and Acute Postoperative Symptoms in School-Age Children,ACTIVE_NOT_RECRUITING,NA,76,ACTUAL,1,Bilecik,ALL,6 Years,12 Years,"Preoperative Anxiety, Postoperative Complications","Inclusion Criteria: Children aged 6 to 12 years Hospitalized at Bilecik Training and Research Hospital, Department of Pe..."
NCT05763537,Understanding the Role of Doulas in Supporting People With PMADs,RECRUITING,NA,75,ESTIMATED,1,Montana,FEMALE,18 Years,No upper limit,"Maternal Health, Pregnancy, Delivery, Obstetric, Self Efficacy, Social Support, Mental Health, Substance-Related Disorders, Postpartum Depression, Depression, Mental Health Services",Inclusion Criteria: Participants must be over the age of 18 Currently pregnant and between 13 and 26 gestational weeks a...
NCT06073886,Personalized Brain Stimulation to Treat Chronic Concussive Symptoms,RECRUITING,PHASE2,75,ESTIMATED,1,California,ALL,18 Years,65 Years,"Post-Concussion Syndrome, Concussion, Brain, Mild Traumatic Brain Injury, Head Injury, Headache, Dizziness, Cognitive Symptom, Dysautonomia, Anxiety, Irritability; Syndrome, Depression, Post-traumatic Stress Disorder",Inclusion Criteria: Mild traumatic brain injury (mTBI) defined in accord with the World Health Organization criteria in ...
NCT06938841,Maintenance rTMS for Depression (Maitr-De),RECRUITING,NA,75,ESTIMATED,3,"Australian Capital Territory, California, New York",ALL,18 Years,80 Years,"Major Depressive Disorder, Treatment Resistant Depression",Inclusion Criteria: 1. They met criteria for a DSM-5 diagnosis of a Major Depressive Episode (MDE) during the index epis...
NCT05897619,Feasibility and Acceptability of a Novel Cognitive Behavioral Skills Mobile App for Pregnant and Postpartum Individuals,RECRUITING,NA,75,ESTIMATED,1,New York,FEMALE,18 Years,No upper limit,"Perinatal Anxiety, Perinatal Depression","Inclusion Criteria: Female, Trans-male, non-binary, gender expansive, or gender questioning gestational carriers of preg..."
NCT06674356,The Effects of Chin Tuck Against Resistance Exercise on Acute Stroke Patients With Dysphagia,RECRUITING,NA,74,ESTIMATED,1,No US/listed site,ALL,18 Years,100 Years,"Acute Stroke, Dysphagia","Inclusion Criteria: 1. Patients diagnosed with hemorrhagic or ischemic stroke, including those with initial diagnoses or..."
NCT06261463,Hybrid Type 1 Randomized Pilot Trial of a Peer-led Family and Social Strengthening Group Intervention for Refugee Families,RECRUITING,NA,74,ESTIMATED,1,Illinois,ALL,12 Years,55 Years,"Depression, Anxiety, PTSD, Family Dynamics, Social Functioning, Family Support, Family Relations","To participate in the study, the families must meet the following criteria: 1. Country of origin: Iraq, Syria, Lebanon, ..."
NCT07235098,Effect of a Music Intervention in Reducing Distress and Pain in Patients With Lung Cancer Undergoing Mini-invasive Surgery,RECRUITING,NA,74,ESTIMATED,1,Canton Ticino,ALL,18 Years,No upper limit,Lung Cancer (Suspected or Confirmed),Inclusion Criteria: Suspected or confirmed diagnosis of lung cancer Age ≥ 18 years Indication for lung resection through...
NCT05131425,Facing Your Fears: Adolescents With ASD and Intellectual Disability,ACTIVE_NOT_RECRUITING,NA,73,ACTUAL,2,Colorado,ALL,12 Years,18 Years,"Autism Spectrum Disorder, Intellectual Disability, Anxiety, Emotion Regulation","Inclusion Criteria: Chronological age between 12-18 years A confirmed diagnosis of ASD, as based on a score above ASD cu..."
NCT07261839,"Effect of Visualized Meditation on Anxiety, Pain, and Comfort in Patients Undergoing Endoscopy",ENROLLING_BY_INVITATION,NA,72,ESTIMATED,1,Şehitkamil,ALL,18 Years,No upper limit,"Endoscopy, Pain, Comfort, Randomized Controlled Trial","Inclusion Criteria: Patients over the age of 18, with no hearing impairment, Students undergoing endoscopy for the first..."
NCT06132581,Causal Role of Delta-beta Coupling for Goal-directed Behavior in Anhedonic Depression,RECRUITING,NA,72,ESTIMATED,1,Florida,ALL,18 Years,65 Years,"Major Depressive Disorder, Anhedonia",Inclusion Criteria: Between the ages of 18 and 65 Able to provide informed consent Have normal to corrected vision Willi...
NCT06467916,"The Development of PATH, a Program to Support NICU Parent Mental Health Through the Transition From Hospital to Home",RECRUITING,NA,72,ESTIMATED,2,"Colorado, Oregon",ALL,,No upper limit,Perinatal Mental Health,Inclusion Criteria: NICU parents: Participants will be parents of currently hospitalized preterm infants from either the...
NCT07507617,"The Effect of Using a Stress Ball During Transrectal Ultrasound-Guided Prostate Biopsy on Anxiety, Pain, and Hemodynamic Variables",RECRUITING,NA,72,ESTIMATED,1,Mersin,MALE,18 Years,No upper limit,Stress,"Inclusion Criteria: Aged 18 years or older, Conscious and cooperative, Able to speak and understand Turkish, With stable..."
NCT05660642,"An Open-Label Study to Evaluate the Safety, Tolerability and Pharmacodynamics of BPL-003 in Patients With Treatment Resistant Depression",RECRUITING,PHASE2,72,ESTIMATED,3,No US/listed site,ALL,18 Years,75 Years,Treatment Resistant Depression,Inclusion Criteria: 1. Diagnosed with Major Depressive Disorder. 2. Diagnosed with TRD defined as failure to respond to ...
NCT07637799,Feasibility Study of UP-A-AST Parent Group for Adolescents With Autism and Co-occurring Anxiety/Depression,RECRUITING,NA,72,ESTIMATED,1,No US/listed site,ALL,12 Years,No upper limit,"Autistic Spectrum Disorder, Anxiety Disorders, Depressive Disorder",Inclusion Criteria: Adolescents aged 12-17 years Clinical diagnosis of autism spectrum disorder (ASD) according to DSM-I...
NCT07428070,Contextually Enhanced Exercise Programs for Rotator Cuff-Related Shoulder Pain,RECRUITING,NA,72,ESTIMATED,1,No US/listed site,ALL,18 Years,75 Years,"Rotator Cuff Related Shoulder Pain, Shoulder Pain, Rotator Cuff Injuries",Inclusion Criteria: Age between 18 and 75 years Clinical diagnosis of rotator cuff-related shoulder pain Shoulder pain d...
NCT07187557,The Effect of Self-Compassion Based Birth Preparation Program,ENROLLING_BY_INVITATION,NA,72,ESTIMATED,1,Ordu,FEMALE,18 Years,No upper limit,Pregnant Women,"Inclusion Criteria: Those who are 18 years of age and older, Those who have at least primary school education, Those who..."
NCT07135232,The Effects of Resistance Training and a Plant-Based Supplement on Perimenopausal Symptoms and Muscle Health.,RECRUITING,NA,72,ESTIMATED,1,North Humberside,FEMALE,40 Years,55 Years,"Perimenopause, Menopause",Inclusion criteria 1. Perimenopausal women between 40 - 55 years 2. Not currently engaging in consistent structured resi...
NCT07235839,"The Impact of an Advance Care Planning Game on Life-Sustaining Treatment Preferences, Depression, and Hope in Older Adults With Stroke",ACTIVE_NOT_RECRUITING,NA,72,ESTIMATED,1,No US/listed site,ALL,65 Years,100 Years,"Stroke, Advance Care Planning",Inclusion Criteria: Older adults aged 65-100 years. Diagnosed with ischemic or hemorrhagic stroke confirmed by computer ...
NCT07694895,"""The Effect of AI-Assisted Mobilization Education on Kinesiophobia and Readiness for Hospital Discharge in Patients Undergoing Total Knee Arthroplasty''",RECRUITING,NA,72,ESTIMATED,1,İzmit,ALL,18 Years,100 Years,Total Knee Anthroplasty,"Inclusion Criteria: Willing to participate in the study voluntarily, Aged 18 years or older, Undergoing primary total kn..."
NCT07288047,Virtual Reality as a Method for Pain and Anxiety Control During First Trimester Procedural Abortion,RECRUITING,NA,72,ESTIMATED,2,Pennsylvania,FEMALE,18 Years,No upper limit,"Abortion, First Trimester, Pain Management, Pain After Surgery, Satisfaction, Satisfaction With Care, Anxiety After Surgery",Inclusion Criteria: Patients at Planned Parenthood of Western Pennsylvania who have decided to undergo and are eligible ...
NCT07693010,"The Effect Of Postpartum Therapeutıc Touch On Breastfeedıng Self-Effıcacy, Maternal Attachment, And Postpartum Depressıon In Prımıparous Women: A Randomızed Controlled Study",ACTIVE_NOT_RECRUITING,NA,72,ACTUAL,1,Merkez,FEMALE,18 Years,49 Years,"Breastfeeding Self-efficacy, Maternal Attachment",Inclusion Criteria: Mothers who volunteer to participate in the study must meet the following criteria: Be 18 years of a...
NCT06698081,The Effect of Using Multimedia During the Informed Consent Process on the Anxiety of Parents of Orchiopexy Patients,RECRUITING,NA,70,ESTIMATED,1,Istanbul,ALL,18 Years,No upper limit,"Undescended Testis, Anxiety State",Inclusion Criteria: parents of orchiopexy patients Exclusion Criteria: history of previous orchiopexy surgery orchiopexy...
NCT06969053,Effect of MIT for CI With Anxiety,RECRUITING,NA,70,ESTIMATED,1,No US/listed site,ALL,8 Years,No upper limit,"Chronic Insomnia, Anxiety Disorders",Inclusion Criteria: 1. Diagnosed with Insomnia Disorder according to DSM-5 criteria. 2. Pittsburgh Sleep Quality Index (...
NCT06066983,DINO RCT - Treating Anxiety in Children With Autism,RECRUITING,NA,70,ESTIMATED,1,Maryland,ALL,4 Years,6 Years,"Autism Spectrum Disorder, Anxiety Disorders",Inclusion Criteria: Age 4 years 0 months to 6 years 11 months DSM-5 ASD diagnosis based on clinical impressions and resu...
NCT05289999,Interest of the Virtual Reality as an Analgesic Support and in the Management the Pre-procedural Anxiety in Rheumatology,RECRUITING,NA,70,ESTIMATED,1,No US/listed site,ALL,18 Years,No upper limit,Radiculopathy,Inclusion Criteria: Adult patient (age ≥ 18 years) Hospitalized in a day-hospitalization department at the General Hospi...
NCT07522554,Lavender and Lemongrass Aromatherapy for Pain and Anxiety in Labor: A Randomized Trial,ACTIVE_NOT_RECRUITING,NA,70,ESTIMATED,1,São Paulo,FEMALE,18 Years,40 Years,Labor Pain and Anxiety,"Inclusion Criteria: Women aged 18 to 40 years, regardless of parity; Term pregnancy (gestational age between 37 weeks an..."
NCT07018791,Art-Based Pain Assessment Tool in Patients With Temporomandibular Joint Disorders,RECRUITING,PHASE3,70,ESTIMATED,1,Mecca Region,ALL,18 Years,No upper limit,"Temporomandibular Disorders (TMD), Wilkes 1 and 2, TMJ Pain, TMJ - Oral &Amp;Maxillofacial Surgery, Art Therapy, TMD Art Pain Study",Inclusion Criteria: Adults aged 18 years or older Diagnosed with Temporomandibular Disorders (TMD) requiring conservativ...
NCT07634445,"The Effect of Pre-Breastfeeding Breathing Exercises on Maternal Anxiety, Well-being, and Infant Stress in Mothers Whose Infants Are in the Neonatal Intensive Care Unit",RECRUITING,NA,70,ESTIMATED,1,Elâzığ,FEMALE,18 Years,No upper limit,"Anxiety, Psychological Well-being, Stress, Breath Exercise, Newborn","Inclusion Criteria: Ability to communicate verbally, Being 18 years of age or older, Having a baby in the neonatal inten..."
NCT07216222,K08 VR Fear Conditioning,ENROLLING_BY_INVITATION,NA,70,ESTIMATED,1,California,ALL,18 Years,70 Years,"Anxiety and Fear, PTSD, Veteran",Inclusion Criteria: Male Female Between 18 and 70 years of age Adequate visual and auditory acuity to allow neuropsychol...
NCT06992895,"The Effect of Hologram Application on Pain, Anxiety, and Fear Levels in Children During Burn Dressing",RECRUITING,NA,70,ESTIMATED,2,Yakutiye,ALL,3 Years,12 Years,"Burn Wounds, Burn",Inclusion Criteria: The subject has indicated their willingness to participate in the study. Physical and mental health....
NCT06603025,"Preoperative Chewing Gum on Anxiety and Postoperative Nausea and Vomiting, Gastrointestinal Function",ACTIVE_NOT_RECRUITING,NA,70,ESTIMATED,1,North Cyprus Via Mersin,ALL,18 Years,No upper limit,"Gum Chewing, Preoperative, Anxiety, Postoperative Nausea and Vomiting",Inclusion Criteria: American Society of Anesthesiologists physical status I-II body mass index (BMI) < 30 (kg/m2) indivi...
NCT04657432,"Brief, High-dose rTMS for Depression",ACTIVE_NOT_RECRUITING,NA,70,ESTIMATED,1,South Carolina,ALL,18 Years,60 Years,"Depression, Anxiety","Inclusion Criteria: A negative urine pregnancy test, if female subject of childbearing potential. Able to speak English ..."
NCT05357313,Adjunctive Bright Light Therapy in Patients With Bipolar Depression and Eveningness,ACTIVE_NOT_RECRUITING,NA,70,ESTIMATED,1,No US/listed site,ALL,18 Years,65 Years,Bipolar Depression,Inclusion Criteria: 1. Aged 18-65 years. 2. Is capable to give informed consent. 3. Meeting the diagnostic criteria of b...
NCT06565936,DPA-714 and FDG PET/MRI in Depression,RECRUITING,NA,70,ESTIMATED,1,Liaoning,ALL,35 Years,85 Years,Depression,Inclusion Criteria: 1. For all groups : No alcohol or psychoactive substances such as coffee had been consumed in the 24...
NCT06867549,Slow Wave Induction by Propofol to Eliminate Depression (SWIPED) Stage II,RECRUITING,PHASE2,70,ESTIMATED,1,Missouri,ALL,60 Years,No upper limit,Depression,Inclusion Criteria: Provision of signed and dated informed consent form Stated willingness to comply with all study proc...
NCT07574060,Allopurinol in Depression,RECRUITING,"PHASE2, PHASE3",70,ESTIMATED,1,No US/listed site,ALL,18 Years,60 Years,Depression,"Inclusion Criteria: Patients aged greater than 18 years old. Patients with a HAM-D score of at least 10 with item 1, dep..."
NCT07517549,Sexual Health Education During Pregnancy,RECRUITING,NA,70,ESTIMATED,1,Ordu,FEMALE,18 Years,45 Years,"Sexuality, Depression, Pregnancy Related","Eligibility criteria; Volunteers to participate in the research, primary school graduate, Pregnant between 16-20 weeks H..."
NCT06399406,Mindfulness Engaged Neurostimulation for Depression,ACTIVE_NOT_RECRUITING,PHASE2,70,ESTIMATED,1,California,ALL,18 Years,65 Years,"Depression, Treatment Resistant Depression, Major Depressive Disorder, Depressive Disorder","Inclusion Criteria: Diagnosis of major depressive episode (MDE, in accordance with the Diagnostic and Statistical Manual..."
NCT06708585,Information and Progressive Relaxation Exercises,RECRUITING,NA,68,ESTIMATED,1,No US/listed site,FEMALE,18 Years,35 Years,"Caesarean Section, Fear, Anxiety, Pain","Inclusion Criteria: Between the ages of 18-35, Primigravida, Applied for planned cesarean section, Live singleton pregna..."
NCT07311005,NURSE - LED DIGITAL EDUCATION AND BIGOREXIA,ENROLLING_BY_INVITATION,NA,68,ESTIMATED,1,Mağusa,MALE,18 Years,30 Years,"Bigorexia, Muscle Dysmorphia, Wellness, Nurse-Led Digital Education",Inclusion Criteria: Being between 18-30 years of age Being male Actively attending a gym/fitness center Providing volunt...
NCT05323864,Going to Altitude With Anxious-depressive Symptoms,RECRUITING,NA,68,ESTIMATED,1,Tyrol,ALL,18 Years,65 Years,"Hypoxia, Mental Disorder",Inclusion Criteria: sufficient command of the German language no psychotic or cognitive disorders patients suffering fro...
NCT07507721,Tele-Nursing-Supported Mindfetalness: Anxiety and Prenatal Attachment,RECRUITING,NA,68,ESTIMATED,2,No US/listed site,FEMALE,18 Years,No upper limit,"Tele-nursing, Fetal Movement",Inclusion Criteria: Aged 18 years or older Being at the 28th week of gestation Having a singleton pregnancy Being primip...
NCT07294690,"The Effect of Preoperative Training With Virtual Reality on Anxiety, Readiness for Surgery and Recovery Process of Patients in Colorectal Cancer Surgery",RECRUITING,NA,68,ESTIMATED,1,No US/listed site,ALL,18 Years,70 Years,"Anxiety, Surgical Preparation, and Recovery Process in Colorectal Cancer Surgery","Inclusion Criteria: Agreement to participate in the study, Ability to read and write in Turkish, Being conscious and com..."
NCT07507656,The Effect of a Stress Ball Applied Before Retrograde Intrarenal Surgery,RECRUITING,NA,66,ESTIMATED,1,Mersin,ALL,18 Years,No upper limit,"Anxiety, Fear",Inclusion Criteria: Patients to be included in the study are those who: Are scheduled to undergo Retrograde Intrarenal S...
NCT07016880,"Anxiety, Physiological Parameters, Patient Satisfaction and VR in Gynecological Oncology Surgery",RECRUITING,NA,66,ESTIMATED,1,No US/listed site,FEMALE,18 Years,No upper limit,"Preoperative Anxiety, Women&#39;s Health, Gynecological Cancers, Gynecological Surgery",Inclusion Criteria: The participant must have a confirmed diagnosis of gynecological cancer. The participant must be awa...
NCT07423039,Auricular Acupressure for Perioperative Anxiety and Pain in Therapeutic Breast Surgery (ROSA),RECRUITING,NA,66,ESTIMATED,1,No US/listed site,FEMALE,18 Years,99 Years,Breast Cancer Females,Inclusion Criteria: Female gender Breast cancer patients undergoing therapeutic breast surgery at Robert Bosch Hospital ...
NCT07415941,MBM and taVNS for Low Back Pain and Depressive Symptoms,RECRUITING,NA,66,ESTIMATED,1,Florida,ALL,50 Years,85 Years,Chronic Low Back Pain,"Inclusion Criteria: 1. aged 50 to 85 years old 2. intact cognition (examined by the Mini-Mental State Exam, ≥ 24) 3. exp..."
NCT07490379,Comparison of the Efficacy of Transcranial Direct Current Stimulation at Home Versus in Hospital Settings in Patients With Depressive Episodes,RECRUITING,NA,66,ESTIMATED,6,No US/listed site,ALL,18 Years,No upper limit,Depression,Inclusion Criteria: Men or women over the age of 18 Psychiatric diagnosis: Presenting a depressive episode characterised...
NCT07101172,The Effectiveness of Stress Ball in Managing Anxiety and Pain During Prostate Biopsy,ENROLLING_BY_INVITATION,NA,66,ESTIMATED,1,Merkez,MALE,18 Years,No upper limit,"Anxiety, Pain, Prostate Biopsy","Inclusion Criteria: Patients who come to the Urology Service for a prostate biopsy, are willing to participate in the st..."
NCT07737990,Psilocybin-Assisted Group Integration Psychotherapy for Treatment-Resistant Depression,ENROLLING_BY_INVITATION,NA,65,ESTIMATED,1,Ontario,ALL,18 Years,No upper limit,Treatment-resistant Depression (TRD),Inclusion Criteria: Must be deemed to have capacity to provide informed consent; Must sign and date the informed consent...
NCT07781943,"The Effect of Diaphragmatic Breathing Exercises Before Gastroscopy on Anxiety, Fear, and Vital Signs",RECRUITING,NA,64,ESTIMATED,1,No US/listed site,ALL,18 Years,No upper limit,"Breath Exercise, State Anxiety, Adult Patients, Vital Signs Monitoring, Fear",Inclusion Criteria: Adults aged 18 years or older. Scheduled to undergo diagnostic gastroscopy. Medically eligible for g...
NCT06670846,Management of Preoperative Anxiety in Children: Could a Lollipop Be the Solution?,RECRUITING,NA,63,ESTIMATED,1,Tunis Governorate,ALL,4 Years,10 Years,"Anxiety, Preoperative","Inclusion Criteria: Age > 4 ans , ASA 1 ou 2 Exclusion Criteria: Children who rejected premedication - The occurrence of..."
NCT06800989,To Assess the Contribution of Sophrology Assisted by an Ambulatory Device on the Anxiety of Patients Undergoing Chemotherapy for the Treatment of Localized Breast Cancer,RECRUITING,NA,63,ESTIMATED,3,No US/listed site,FEMALE,18 Years,No upper limit,Breast Cancer Female,Inclusion Criteria: 1. Patient with localized breast cancer 2. Patient > 18 years old 3. Patient requiring chemotherapy ...
NCT07360600,ACT Together: Implementing a Web-Based Program With Brief Coaching for Parents of Children With Disabilities in Pediatric Outpatient Clinics,RECRUITING,NA,60,ESTIMATED,1,Florida,ALL,18 Years,No upper limit,"Parents, Children With Disabilities, Stress, Depression",Inclusion Criteria (Parents of children with disabilities): 1. Community-dwelling adults (aged ≥18 years) with primary c...
NCT07126301,Aromatherapy Essential Oils to Manage Anxiety and Nausea in Cancer Patients Receiving Infusion in the Ambulatory Setting,RECRUITING,NA,60,ESTIMATED,2,California,ALL,18 Years,No upper limit,"Hematopoietic and Lymphatic System Neoplasm, Malignant Solid Neoplasm","Inclusion Criteria: Patients must have the ability to understand and sign a written informed consent document, and be wi..."
NCT07109492,The Role of Mandala Painting Before Surgery,RECRUITING,NA,60,ESTIMATED,1,No US/listed site,ALL,18 Years,70 Years,"Mandala Painting, Surgery, Nurse's Role","Inclusion Criteria: Individuals who are undergoing elective surgery, Cholecystectomy Surgery is planned Age 18 and over,..."
NCT05447689,Mind-Body Skills Group for Graduate Students,RECRUITING,NA,60,ESTIMATED,1,New York,ALL,18 Years,No upper limit,"Mood Change, Depressive Symptoms, Anxiety Generalized",Inclusion Criteria: Students screened and admitted to the Student Mental Health Program. Age 18 or older A score of ≥ 4 ...
NCT06860958,Roflumilast as an Adjunct to Antidepressants in Major Depressive Disorder Patients,RECRUITING,PHASE3,60,ESTIMATED,1,No US/listed site,ALL,18 Years,65 Years,"Depressive Disorder, Major",Inclusion Criteria: 1. Patients with age greater than 18 years old. 2. Patients with Ham-D score at least 18 with item 1...
NCT07203742,The Effect of Mandala on Anxiety and Fear Levels in Children With Leukemia Before Intrathecal Chemotherapy Treatment,RECRUITING,NA,60,ESTIMATED,1,No US/listed site,ALL,4 Years,12 Years,"Acute Lymphoblastic Leukemia, Childhood Acute Leukemia, Acute Myeloblastic Leukaemia",Inclusion Criteria: The patient must be between 4 and 12 years of age. The patient must be hospitalized and followed up ...
NCT07539805,Efficacy and Safety of Sertraline Combined With Lactobacillus Crispatus in Adolescents With Depression,RECRUITING,PHASE2,60,ESTIMATED,2,"Chongqing Municipality, Yuzhong",ALL,12 Years,18 Years,"Major Depressive Disorder (MDD), Probiotic Intervention",Inclusion criteria Aged 12-18 years Meets DSM-5 criteria for major depressive disorder (MDD) and is currently in a depre...
NCT06814002,A Randomised Controlled Trial on the Networks Integrating Anxiety and Metabolism in Anorexia Nervosa,RECRUITING,NA,60,ESTIMATED,1,No US/listed site,FEMALE,13 Years,18 Years,Anorexia Nervosa,Inclusion criteria: Female individuals 13-18 years of age Currently patients at the eating disorder clinic Newly diagnos...
NCT06636812,Losartan and Emotional Processing in Young People,RECRUITING,EARLY_PHASE1,60,ESTIMATED,1,Oxfordshire,ALL,16 Years,20 Years,Emotional Processing,Inclusion Criteria: Willing and able to provide informed consent (for 16 and 17 year olds: assent and parental/ legal gu...
NCT07105345,Exploring Efficacy of Multi-Mode Cognitive Processing Therapy (CPT) for PTSD,RECRUITING,NA,60,ESTIMATED,1,Banqiao District,ALL,20 Years,65 Years,Posttraumatic Stress Disorder,Inclusion Criteria: Aged between 20 and 65 years Diagnosed with PTSD according to DSM-5 criteria Score ≥ 33 on the PTSD ...
NCT06912750,"4-7-8 Breathing and Teach-Back Method for Pain, Anxiety, and Sleep After Knee Surgery: A Clinical Trial",ACTIVE_NOT_RECRUITING,NA,60,ESTIMATED,1,Erzurum,ALL,18 Years,70 Years,Patients With Total Knee Arthroplasty,"Inclusion Criteria: Patients who are conscious and oriented, Able to communicate, Age 65 and over, No cognitive-mental p..."
NCT07118722,Mindfulness-based Cognitive Therapy vs the Health Enhancement Program for Chronic Pain and Depression; The Quiet Focus Study,RECRUITING,NA,60,ESTIMATED,1,Massachusetts,ALL,50 Years,120 Years,"Chronic Pain, Depression",Participant Inclusion Criteria 1. Older adult (age ≥ 50) 2. All individuals who identify with one or more nationalities ...
NCT06912243,The Effect of Educational Animation on Anxiety and Fear in Children With Tympanostomy Tube Placement in Pediatric Surgery: A Randomized Controlled Trial,RECRUITING,NA,60,ESTIMATED,1,Bartın,ALL,6 Years,10 Years,Pediatric Surgical Patients,Inclusion Criteria: Being between 6-10 years old Having ear tube surgery Signing the informed consent form by the patien...
NCT05366270,Peripheral Neuroimmune Mechanisms of Hyperthermia,RECRUITING,NA,60,ESTIMATED,1,Massachusetts,ALL,18 Years,65 Years,"Hyperthermia, Major Depressive Disorder, Inflammation",Inclusion Criteria: 1. Females and Males ages 18-65 2. English language proficiency 3. Ability to provide informed conse...
NCT07650422,"The Effect of Virtual Reality-Based Intervention on Anxiety, Stress, and Pain in Women Undergoing Colposcopy: A Randomized Controlled Trial",RECRUITING,NA,60,ESTIMATED,1,Adana,FEMALE,18 Years,No upper limit,"Virtual Reality-Based Intervention, Anxiety, Stress, Colposcopy, Women","Inclusion Criteria: Be 18 years of age or older, Have colposcopy scheduled due to a cervical cytology result of LSIL, HS..."
NCT06741540,Effects of TDCS Intervention on Neoadjuvant Chemotherapy in Breast Cancer Patients with Mild to Moderate Depression,RECRUITING,NA,60,ESTIMATED,1,Zhejiang,FEMALE,18 Years,65 Years,Breast Cancer,Inclusion Criteria: Age between 18 and 65 years old; Newly diagnosed and pathologically confirmed breast cancer patients...
NCT07398040,Clinical Impact of an Anti-Inflammatory Diet in Anxiety and Depression With AI,ENROLLING_BY_INVITATION,NA,60,ESTIMATED,1,Zaragoza,ALL,18 Years,No upper limit,"Depression - Major Depressive Disorder, Anxiety","- Inclusion Criteria: Age 18 years or older. Presence of mild, moderate, or severe symptoms of anxiety, depression, or s..."
NCT06634615,The Effect of Patient Education and in the Operating Room Family Interview Practices on Patient Outcomes Using Virtual Reality in Cholecystectomy Patients,RECRUITING,NA,60,ESTIMATED,1,No US/listed site,ALL,18 Years,No upper limit,"Cholecystectomy, Laparoscopic, Virtual Reality, Patient Education, Family Interviews, Operating Room, Anxiety, Stress, Sleep Quality, Patient Satisfaction, Patient Outcomes","Inclusion Criteria: Patients who volunteered to participate in the study, who were 18 years of age or older, who would u..."
NCT06699706,Neuroimage-guided Dual-target Continuous Theta Burst Stimulation for Generalized Anxiety Disorder,ACTIVE_NOT_RECRUITING,NA,60,ESTIMATED,1,Anhui,ALL,18 Years,60 Years,"Anxiety, Transcranial Magnetic Stimulation Repetitive",Inclusion Criteria: 1. the patients were diagnosed by more than 2 psychiatrists and met the diagnostic criteria of DSM-5...
NCT06972563,The Effect of Psychoeducation Based on Acceptance and Commitment Therapy Applied to Patients Diagnosed With Generalized Anxiety Disorder on Cognitive Avoidance Levels and Coping Attitudes,ACTIVE_NOT_RECRUITING,NA,60,ACTUAL,1,Antakya,ALL,18 Years,65 Years,Generalized Anxiety Disorder,Inclusion Criteria: Having been diagnosed with generalized anxiety disorder according to DSM-5 diagnostic criteria and r...
NCT05732311,Intermittent Theta Burst Stimulation for Maintenance Therapy in Depression,RECRUITING,NA,60,ESTIMATED,1,No US/listed site,ALL,18 Years,70 Years,Depression,Inclusion Criteria: adult women and men aged 18 to 70 years with an ICD-10 diagnosis of a depressive episode of depressi...
NCT05575960,Interpersonal Psychotherapy for Adolescents and Young Adults,RECRUITING,NA,60,ESTIMATED,1,No US/listed site,ALL,15 Years,18 Years,Major Depression,"Inclusion Criteria: Major depressive disorder according to the DSM-V Age 15 to 17,5 years. Good-enough knowledge in Swed..."
NCT06142955,Transcranial Magnetic Stimulation (TMS) to Treat Depression in Autism Spectrum Disorder,RECRUITING,NA,60,ESTIMATED,1,Connecticut,ALL,18 Years,40 Years,Autism Spectrum Disorder,Inclusion Criteria: Individuals from Yale University and the surrounding community who are between the ages of 18 and 40...
NCT07466875,Auricular Stimulation for Nicotine Withdrawal in Psychiatric Inpatients,RECRUITING,NA,60,ESTIMATED,1,No US/listed site,ALL,18 Years,65 Years,"Nicotine Dependence, Nicotine Withdrawal, Tobacco Use Disorder, Anxiety, Mental Disorders",Inclusion Criteria: Psychiatric inpatients aged 18 to 65 years. Diagnosed with a mental disorder according to ICD-10-CM ...
NCT02994433,NMDA Receptor Antagonist Nitrous Oxide Targets Affective Brain Circuits,RECRUITING,PHASE1,60,ESTIMATED,1,Missouri,ALL,18 Years,65 Years,"Depressive Disorder, Major, Depressive Disorder, Treatment-Resistant",Inclusion Criteria: Adults 18-65 years of age Right-handed Controls: Not meet The Fourth Edition of the Diagnostic and S...
NCT07583095,The Effect of Yoga Applied to Primiparous Pregnant Women on Postpartum Depression and Maternal Attachment,ACTIVE_NOT_RECRUITING,NA,60,ESTIMATED,1,No US/listed site,FEMALE,18 Years,No upper limit,"Depression, Postpartum",Inclusion Criteria: Age ≥18 26-28 weeks pregnant primipara At least primary school education Voluntary participation Exc...
NCT07709572,Effectiveness of Acceptance and Commitment Therapy for Chronic Non-Malignant Pain: A Randomized Controlled Trial,ACTIVE_NOT_RECRUITING,NA,60,ACTUAL,1,Punjab Province,ALL,18 Years,60 Years,"Chronic Non-Malignant Pain (Chronic Musculoskeletal Pain, Chronic Widespread Pain)",Inclusion Criteria: Chronic non-malignant musculoskeletal pain or chronic widespread pain persisting for at least three ...
NCT07063914,Stratified-Care School-Based Intervention for Adolescent Suicidal Ideation,RECRUITING,NA,60,ESTIMATED,1,Las Condes,ALL,14 Years,18 Years,Suicidal Ideation,"Inclusion Criteria: Inclusion Criteria for Educational Institutions Located in Santiago, Chile. Secondary education leve..."
NCT06740188,Trazodone on NREM Sleep Stage Ⅲ in Depressed Insomniac Co-morbid Patients,RECRUITING,PHASE4,60,ESTIMATED,1,Shanghai Municipality,ALL,18 Years,65 Years,Depressed Insomniac Co-morbid Patients,Inclusion Criteria: Outpatient or inpatient patients; 18 years old ≤ 65 years old; Simultaneously meet the diagnostic cr...
NCT06628154,Losartan and Emotional Learning,RECRUITING,EARLY_PHASE1,60,ESTIMATED,1,Oxfordshire,ALL,18 Years,50 Years,Emotional Processing,Inclusion Criteria: Willing and able to provide informed consent Aged 18-50 years Score of or below 45 on the Dimensiona...
NCT07550140,ETASCAN Project: ETAS Project 2,RECRUITING,NA,60,ESTIMATED,1,Berkshire,ALL,60 Years,80 Years,"Cognition, Affect (Mental Function), Sleep, MRI, fMRI, Magnetic Resonance Spectroscopy",Inclusion Criteria: Aging between 60-80 years old Having normal vision and hearing Having a body mass index between 18.5...
NCT07512895,The Effect of Progressive Muscle Relaxation Exercises on Depression and Fatigue in Patients Receiving Hemodialysis Treatment: A Randomized Controlled Trial,RECRUITING,NA,60,ESTIMATED,2,Istanbul,ALL,18 Years,75 Years,"Hemodialysis Complication, Hemodialysis",Inclusion Criteria: Scoring 4 or above on the First-Level Beck Depression Inventory Patients who regularly receive hemod...
NCT07239011,Dapagliflozin in Depression,RECRUITING,"PHASE1, PHASE2",60,ESTIMATED,1,New Damietta,ALL,18 Years,60 Years,Depression,Inclusion Criteria: Age ≥ 18 years Both male and female will be included Negative pregnancy test and effective contracep...
NCT07065994,The Effect of Virtual Reality Glasses Application on Pain and Anxiety Levels in Colorectal Surgery Patients,ACTIVE_NOT_RECRUITING,NA,60,ESTIMATED,1,No US/listed site,ALL,18 Years,65 Years,"Colorectal Surgery, Virtual Reality, Nursing Care, Pain, Anxiety","Inclusion Criteria: Patients who are 18 years of age or older, 65 years of age or younger, Who will undergo laparoscopic..."
NCT05607654,The Mechanisms of Underlying Accelerated Repetitive Transcranial Magnetic Stimulation for Treatment-resistant Depression,RECRUITING,NA,60,ESTIMATED,1,Zhejiang,ALL,18 Years,45 Years,Treatment-resistant Depression,Inclusion Criteria: 1. The current episode met the DSM-5 diagnostic criteria for major depression in patients with first...
NCT07172113,Utilizing Embodied Artificial Intelligence (AI) for the Development of Digital Cognitive Behavioral Therapy (CBT) for Depression in Virtual Reality (VR),RECRUITING,NA,60,ESTIMATED,1,No US/listed site,ALL,18 Years,40 Years,Depression Scale Score,Inclusion Criteria: 1. Chinese young adult aged 18-40 years 2. Native Cantonese speaker 3. Presence of depressive sympto...
NCT07036367,The Use of Sublingual Melatonin Premedication in Geriatric Cataract Surgery,RECRUITING,PHASE4,60,ESTIMATED,2,"Baghdad Governorate, Egypt",ALL,60 Years,No upper limit,Cataract Surgery Anesthesia,Inclusion Criteria: • Age ≥ 60 years American Society of Anesthesiologists (ASA) physical status I-III Scheduled for uni...
NCT06658431,Study on Music Intervention of Non-clinical College Students,ACTIVE_NOT_RECRUITING,NA,60,ESTIMATED,1,Beijing Municipality,ALL,16 Years,No upper limit,Depression Anxiety Disorder,Inclusion Criteria: Participants aged 16 years or older. Able to communicate in Mandarin and voluntarily participate in ...
NCT07047157,The Effect of Video-Based Virtual Reality Education on Self-Confidence and Motivation in Nursing Students,RECRUITING,NA,60,ESTIMATED,1,No US/listed site,ALL,,30 Years,"Peripheral Venous Catheterization, Nursing Students, Clinical Skills Training, Self-confidence in Clinical Decision Making and Anxiety",Inclusion Criteria: Receiving nursing education at the relevant university Agreeing to participate in the study voluntar...
NCT05419934,"EMDR Therapy in Young Children, a Double-blinded Randomized Controlled Trial",RECRUITING,NA,60,ESTIMATED,1,No US/listed site,ALL,3 Years,6 Years,"Trauma, Psychological, Stress, Psychological, Anxiety Disorders",Inclusion Criteria: Child aged 3 to 6 at the time of inclusion; Established diagnosis of one or more disorders related t...
NCT05004987,Aβ Dynamics in LLMD,RECRUITING,PHASE4,60,ESTIMATED,2,New York,ALL,60 Years,No upper limit,"Alzheimer Disease, Major Depressive Disorder","Inclusion Criteria: 1. Male and female subjects, age 60+ years inclusive, at the time of signing the informed consent. 2..."
NCT06809179,"A Clinical Trial to Assess the Efficacy, Safety, and Tolerability of a Repeat Dose of Fasedienol Nasal Spray for the Acute Treatment of Anxiety in Adults With Social Anxiety Disorder",RECRUITING,PHASE2,60,ESTIMATED,9,"California, Florida, Missouri, New Jersey, North Carolina, Ohio, Pennsylvania, Texas",ALL,18 Years,65 Years,Social Anxiety Disorder,Inclusion Criteria: Written informed consent provided prior to conducting any study-specific assessment. Male and female...
NCT07217444,Improving Outcomes in Adolescent Inpatient Depression With Deep Transcranial Magnetic Stimulation,RECRUITING,NA,60,ESTIMATED,1,Ohio,ALL,14 Years,18 Years,"Major Depressive Disorder (MDD), Suicidal Ideation, Hospitalization in Children",Inclusion Criteria: 1. Fluent in English and able to volunteer in the informed consent process and provide spontaneous n...
NCT06629727,The Effect Of Virtual Reality Glasses On Pain And Anxiety During The Kidney Stone Lithotripsy Procedure,ACTIVE_NOT_RECRUITING,NA,60,ACTUAL,1,No US/listed site,ALL,18 Years,No upper limit,"Pain Management, Extracorporeal Shock Wave Lithotripsy, Virtual Reality",Inclusion criteria - Performing ESWL procedure Exclusion criteria Presence of psychiatric disease Vision problem Hearing...
NCT06768749,The Impact of Melatonin Lotion on Sleep and Mental Health,RECRUITING,NA,60,ESTIMATED,1,California,ALL,18 Years,21 Years,"Sleep Problems, Depressive Disorder and Anxiety Disorders",Inclusion Criteria: a T score ≥ 48 on the sleep disturbance short form Patient-Reported Outcomes Measurement Information...
NCT06198023,Targeting Social Function in Anxiety and Eating Disorders,RECRUITING,NA,60,ESTIMATED,1,Texas,ALL,18 Years,30 Years,"Eating Disorders, Anorexia Nervosa, Bulimia Nervosa, Atypical Anorexia Nervosa, Purging (Eating Disorders), Other Specified Feeding or Eating Disorder, Social Anxiety Disorder, Generalized Anxiety Disorder (GAD)","Inclusion Criteria: In the past 12 months, has met DSM-5 criteria met for an eating disorder (Anorexia Nervosa, Atypical..."
NCT06671977,"Study of the Safety, Tolerability, Electrophysiological Effects and Efficacy of DMT in Humans",RECRUITING,PHASE1,60,ESTIMATED,1,Connecticut,ALL,21 Years,65 Years,"Major Depression Disorder, Depression",Some Common Inclusion Criteria: 1. Males and females 2. Age 21 to 65 years 3. Body mass index between 18-35 kg/m2 4. Wil...
NCT05849038,Inflammation and Depression in People With HIV,RECRUITING,PHASE2,60,ESTIMATED,2,Georgia,ALL,18 Years,65 Years,"HIV, Depression, Anhedonia",Inclusion Criteria: HIV infected on continuous antiretroviral therapy (ART) with plasma HIV RNA <200 copies/ml for at le...
NCT05992831,Transcranial Magnetic Stimulation for MCI,RECRUITING,NA,60,ESTIMATED,1,South Carolina,ALL,60 Years,85 Years,"Mild Cognitive Impairment, Depression",Inclusion Criteria: i. Age 60-85 (inclusive). ii. English as a first/primary language. iii. Adequate sensorimotor functi...
NCT07240233,Musical Intervention for Dental Anxiety,ENROLLING_BY_INVITATION,NA,60,ESTIMATED,1,No US/listed site,ALL,18 Years,No upper limit,Dental Anxiety,"Inclusion Criteria: Adults receiving care at the university-affiliated dental clinic, legally able to consent and willin..."
NCT07566923,Effects of Non-Invasive Vagus Nerve Stimulation in Adolescent Burn Patients,ENROLLING_BY_INVITATION,NA,60,ESTIMATED,1,Kartal,ALL,12 Years,18 Years,Burn Injury,"Inclusion Criteria: Being between 12 and 18 years of age Having completed the acute phase after burn injury, with at lea..."
NCT06642194,"The Effectiveness of Sunnah on Sleeping on Sleep Quality, Fatigue, Depression and Anxiety Among Patient Undegroing Hemodialysis",ACTIVE_NOT_RECRUITING,NA,60,ACTUAL,1,No US/listed site,ALL,18 Years,No upper limit,"Sleep Quality, Fatigue, Anxiety, Depression",Inclusion Criteria: Participants undergoing hemodialysis were recruited if they were: (1) 18 years of age or over; (2) u...
NCT07083180,Effectiveness of Medical Hypnosis in Virtual Reality on Preoperative Anxiety in Carpal Tunnel Surgery,RECRUITING,NA,60,ESTIMATED,1,No US/listed site,ALL,18 Years,No upper limit,Carpal Tunnel Surgery,Inclusion Criteria: First surgery of carpal tunnel Exclusion Criteria: Patients undergoing treatment for anxiety Uncontr...
NCT05577585,Ketamine in OCD: Efficacy and Effects on Stress and Cognition,RECRUITING,NA,60,ESTIMATED,1,State of Vienna,ALL,18 Years,No upper limit,"Obsessive-Compulsive Disorder, Psychiatric Disorder",Inclusion Criteria: Primary diagnosis of obsessive-compulsive disorder A score of 16 or higher on the Yale-Brown Obsessi...
NCT06410599,Pharmacologic Treatment Augmentation in Chronic Depression,RECRUITING,PHASE2,60,ESTIMATED,2,"Baden-Würtemberg, Thuringia",ALL,18 Years,64 Years,Major Depressive Disorder,Inclusion Criteria: Age: 18 to 64 years at the time of study inclusion. Diagnosis of chronic depression: recurrent depre...
NCT06455293,Psilocybin Therapy for Depression in Parkinson's Disease,RECRUITING,PHASE2,60,ESTIMATED,1,California,ALL,40 Years,80 Years,"Parkinson Disease, Depression",Inclusion Criteria: Age 40 to 80 Comfortable speaking and writing in English Have neurologist-diagnosed idiopathic Parki...
NCT07753473,Modulatory Effects of Personalized Transcranial Magnetic Stimulation (TMS) on Heart-Brain Coupling in Individuals With Depressive Tendencies,RECRUITING,NA,60,ESTIMATED,1,Shaanxi,ALL,18 Years,30 Years,"Depression Disorder, fMRI Research, Heart-Brain Coupling",Inclusion Criteria: 一、Inclusion criteria for the depressed group: 1. Aged 18-30 years; 2. Recent feelings of low mood an...
NCT06512662,Support Pathway for ENT Cancer Patients in a Support Care Day Hospital,RECRUITING,NA,60,ESTIMATED,1,No US/listed site,ALL,18 Years,No upper limit,Otorhinolaryngologic Neoplasms,Inclusion Criteria: patient undergoing surgery for VADS cancer requiring at least one night's post-operative hospitalisa...
NCT07152925,The Impact of Beta-band Transcranial Alternating Current Stimulation (tACS) on Impulse Inhibition in Adolescents With Non-suicidal Self-injury,RECRUITING,NA,60,ESTIMATED,1,Anhui,ALL,12 Years,22 Years,"Depression Disorders, Non-suicidal Self-injury",Inclusion Criteria: 1) Meet the proposed diagnostic criteria for non-suicidal self-injury (NSSI) in the Diagnostic and S...
NCT04569448,Brexpiprazole Treatment for Bipolar I Depression,RECRUITING,PHASE3,58,ESTIMATED,3,"Ontario, Quebec",ALL,18 Years,75 Years,Bipolar Depression,Patient Inclusion Criteria: Age: 18-75 Male or female Bipolar Disorder type I or type II Current treatment-resistant dep...
NCT06705153,"The Effect of Laughter Yoga on Symptom Severity, Depression-anxiety-stress, Sleep Quality and Quality of Life in Patients with Irritable Bowel Syndrome",RECRUITING,NA,56,ESTIMATED,1,Yakutiye,ALL,18 Years,90 Years,Irritable Bowel Syndrome,"Inclusion Criteria: Diagnosed with IBS according to Rome IV criteria, Scoring 75 and above on the IBS-SSS score, DASS-42..."
NCT05947383,Two Doses of Psilocybin for the Treatment of MDD in Adults With Cancer,ACTIVE_NOT_RECRUITING,PHASE2,56,ESTIMATED,1,Maryland,ALL,18 Years,No upper limit,"Cancer, Major Depressive Disorder",Inclusion Criteria: 1. Signed informed consent form (ICF) 2. 18 years of age or above at Screening (V1) 3. Currently mee...
NCT07338292,VIrtual Reality Induced Pain and anxiEty Relief in Outpatient UROlogical Procedures,RECRUITING,NA,56,ESTIMATED,1,No US/listed site,ALL,18 Years,99 Years,"Urologic Diseases, Prostate Biopsy, Flexible Cystoscopy, Circumcision, Stress, Anxiety, Pain",Inclusion Criteria: Male/female with age ≥ 18 years Patient who are undergoing one of the interventions mentioned in the...
NCT07379853,Interactive E-Learning for Therapist Training in Exposure Therapy,ENROLLING_BY_INVITATION,NA,56,ESTIMATED,1,Rhode Island,ALL,21 Years,99 Years,"Therapist Training, ANXIETY DISORDERS (or Anxiety and Phobic Neuroses)",Inclusion Criteria: A practicing therapist providing psychotherapy Providing treatment for clients with anxiety conditio...
NCT07192367,Comparison of the Effectiveness Level of Virtual Reality Exposure Therapy With Sertraline Treatment in Social Anxiety Disorder,RECRUITING,PHASE4,56,ESTIMATED,1,No US/listed site,ALL,12 Years,17 Years,Social Anxiety Disorder,Inclusion Criteria: RESEARCH ARM: 1. Applied to Kocaeli University Child and Adolescent Psychiatry Outpatient Clinic 2. ...
NCT06745349,The Sleep Course: An Online Sleep Intervention for Adults With Self-reported Sleep Difficulties,RECRUITING,NA,56,ESTIMATED,1,Saskatchewan,ALL,18 Years,No upper limit,"Insomnia, Depression, Anxiety",Inclusion Criteria: 18 years or older; Living in Saskatchewan for the treatment period; Self-reported difficulty with sl...
NCT05877716,EPI-MINN: Targeting Cognition and Motivation - National,ACTIVE_NOT_RECRUITING,NA,55,ACTUAL,1,Minnesota,ALL,15 Years,40 Years,"Psychosis, Psychosis Nos/Other, Schizophrenia, Schizo Affective Disorder, Schizoaffective Disorder, Prodromal Schizophrenia, Schizophrenia Spectrum and Other Psychotic Disorders, Schizophreniform Disorders, Major Depression With Psychotic Features, Unspecified Psychosis, Bipolar Disorder","Inclusion Criteria: Aged 15-40 (inclusive) Is enrolled in an early psychosis coordinated specialty care clinic, or is re..."
NCT07082010,Measurement-Based Peer Supervision App for Non-Specialist Providers,ENROLLING_BY_INVITATION,NA,55,ESTIMATED,1,Texas,ALL,18 Years,No upper limit,"Training of Mental Health Professionals, Training of Frontline Health Workers",Inclusion Criteria: 18 years of age or older; English-speaking; and Completed EMPOWER Behavioral Activation training Exc...
NCT07080281,Evaluating the Effectiveness of Virtual Reality Application in Caesarean Section,ACTIVE_NOT_RECRUITING,NA,55,ACTUAL,1,Çubuk,FEMALE,19 Years,No upper limit,"Virtual Reality Pain Distraction, Birth Satisfaction, Vital Signs, Anxiety, Apgar Score, Virtual Reality","Inclusion Criteria: 19 years of age and older, Turkish speaking, At least primary school graduate, Between 37th and 42nd..."
NCT07048990,Feasibility of Empowerment Group Therapy on Ukrainian Adult Outpatients,RECRUITING,NA,55,ESTIMATED,1,Kyiv Oblast,ALL,18 Years,No upper limit,Depression NOS,Inclusion Criteria: Civilians 18 years of age or older Residency in Ukraine at the onset of the full-scale war in Ukrain...
NCT07328763,"The Effect of Pranayama Breathıng Exercıses on Paın, Anxıety,aAnd Sleep Qualıty in Indıvıduals wıth Fıbromyalgıa",ACTIVE_NOT_RECRUITING,NA,54,ACTUAL,1,No US/listed site,FEMALE,18 Years,No upper limit,Patients Diagnosed With Fibromyalgia Syndrome,"Inclusion Criteria: Individuals aged 18 and over, having experienced pain for at least three months, diagnosed with fibr..."
NCT07082218,Multidimensional Sleep Health Intervention to Optimize Concussion Recovery,RECRUITING,NA,54,ESTIMATED,1,Colorado,ALL,10 Years,19 Years,"Concussion (Diagnosis), Concussion, Mild Traumatic Brain Injury, Treatment, Sleep Health, Depression, Anxiety",Inclusion Criteria: Participants will be symptomatic at the time of enrollment (Post-Concussion Symptom Inventory [PCSI]...
NCT07243925,"Effect of Family Participation-Based Intervention Before Coronary Artery Bypass Grafting (CABG) on Patients' Anxiety, Independence, and Psychological Resilience: A Randomized Controlled Trial",ACTIVE_NOT_RECRUITING,NA,54,ESTIMATED,1,Van,ALL,18 Years,65 Years,"Family Size, Coronary Artery Disease",Inclusion Criteria: Being 18 years of age or older Undergoing CABG surgery for the first time Being conscious and able t...
NCT07207239,Effect of Theta-burst rTMS Therapy on the Clinical and Cognitive Symptoms of Patients With Therapy Resistant Depression and Response Prediction With Neuroimaging Methods.,ENROLLING_BY_INVITATION,NA,54,ESTIMATED,1,Pest County,ALL,18 Years,No upper limit,"Transcranial Magnetic Stimulation, Repetitive, Depression - Major Depressive Disorder",Inclusion Criteria: 1. diagnosis of depression 2. 18 years of age 3. Beck depression inventory score above 12 (screening...
NCT07292337,AcuTENS for Pain Relief During TRUS-Guided Prostate Biopsy,ACTIVE_NOT_RECRUITING,NA,53,ACTUAL,1,Kuala Lumpur,MALE,18 Years,No upper limit,"Prostate Cancer, Procedural Pain Relief, TRANSRECTAL ULTRASOUND-GUIDED PROSTATE BIOPSY, Transcutaneous Electrical Nerve Stimulation",Inclusion Criteria: 1. Patient consented for first time TRUS prostate biopsy. 2. Patient aged 18 years and above. Exclus...
NCT06812923,TACS on High-inflammatory and Refractory Depression,RECRUITING,NA,52,ESTIMATED,1,Tianjin Municipality,ALL,18 Years,55 Years,"Treatment Resistant Depression (TRD), Inflammation",Inclusion Criteria: (1) Aged between 18 and 55 years; (2) Diagnosed with depression through a structured clinical interv...
NCT04935619,Extended Effects of Cannabis Abstinence on Clinical Symptoms and Cognition in Depression,RECRUITING,NA,52,ESTIMATED,1,Ontario,ALL,18 Years,55 Years,"Cannabis Use, Major Depressive Disorder, Cognitive Impairment",Inclusion Criteria: All participants must be between the ages 18-55 Meet SCID for DSM-5 diagnostic criteria for cannabis...
NCT06960408,"Effects of Sleep Hygiene Education and Progressive Relaxation Exercise on Anxiety, Sleep Quality and Glycemic Control in Diabetic Patients",ENROLLING_BY_INVITATION,NA,52,ESTIMATED,1,No US/listed site,ALL,18 Years,64 Years,"Diabetes Mellitus, Type 2",Inclusion Criteria: Being between 18-65 years of age Literate Having a PSQI score >5 Having been diagnosed with Type 2 d...
NCT07759739,Er:YAG Laser Versus Conventional Cavity Preparation in Children With Molar-Incisor Hypomineralization,ACTIVE_NOT_RECRUITING,NA,52,ESTIMATED,1,İzmir,ALL,6 Years,12 Years,Molar-Incisor Hypomineralization (MIH),Inclusion Criteria: Children aged 6 to 12 years. Diagnosis of molar-incisor hypomineralization according to the European...
NCT06154889,Rehabilitation by Multifactorial Approach After a Latarjet Procedure,RECRUITING,NA,52,ESTIMATED,1,No US/listed site,ALL,18 Years,67 Years,Dislocation Shoulder,Inclusion Criteria: 1. Primary or recurrent traumatic anterior dislocation of the shoulder 2. Indication of abutment acc...
NCT07681687,Sensory Motor Control and Muscle Energy Technique for Chronic Mechanical Neck,RECRUITING,NA,52,ESTIMATED,1,No US/listed site,ALL,18 Years,35 Years,Chronic Mechanical Neck Pain,"Inclusion Criteria:Adults aged 18- 35years,Clinical diagnosis of cervical pain due to strain, degenerative changes of th..."
NCT06714942,"Efficacy and Safety of a Proprietary Blend of Ashwagandha Root Extract (Aqueous) in Adult Men and Women With High Stress and Anxiety: A Randomized, Double-blind, Three-arm, Parallel, Placebo-controlled Study",RECRUITING,NA,51,ESTIMATED,1,California,ALL,18 Years,65 Years,"Stress, Anxiety",Inclusion Criteria: 1. Adults (male and female) aged between 18 and 65 years. 2. Experiencing signs and symptoms suggest...
NCT07458022,MAGNESIUM & SSRI VS SSRI ALONE AMONG PATIENTS OF MAJOR DEPRESSIVE DISORDER,ACTIVE_NOT_RECRUITING,PHASE2,50,ACTUAL,1,Punjab Province,ALL,18 Years,No upper limit,Major Depressive Diorder,Inclusion Criteria: All patients of above 18 years diagnosed with DSM who had MDD and receiving SSRI alone and SSRI plus...
NCT06412315,7T Amygdala and Citalopram Study,RECRUITING,NA,50,ESTIMATED,1,Oxfordshire,ALL,18 Years,40 Years,"Emotional Processing, Cognition, Mood Disorders, Depressive Disorder, Depression",Inclusion Criteria: Participant is willing and able to give informed consent for participation in the research Sufficien...
NCT07246746,Use of an Infotainment System in MRI in Patients Suffering From Unexpected Anxiety.,RECRUITING,NA,50,ESTIMATED,1,No US/listed site,ALL,18 Years,No upper limit,Unexpected Anxiety,Inclusion Criteria: Individuals who have given their verbal consent Individuals over the age of 18 Hospitalized or ambul...
NCT07116785,Accelerated Rotational Field Deep TMS for Treating OCD,RECRUITING,NA,50,ESTIMATED,1,No US/listed site,ALL,18 Years,No upper limit,Obsessive-Compulsive Disorder,Inclusion Criteria: Outpatients Diagnosed as suffering from OCD according to the DSM-V. Subjects with a YBOCS score of >...
NCT07051980,Feasibility and Safety of Supraglottic Oxygen Delivery Via an Endotracheal Tube for Non-intubated ERCP Anesthesia: A Two-Stage Phase II Clinical Study,RECRUITING,PHASE2,50,ESTIMATED,1,Zhejiang,ALL,18 Years,No upper limit,"Choledocholithiasis With Cholecystitis With Obstruction, Obstructive Jaundice, Pancreatitis, Cholelithiasis",Inclusion Criteria: Age ≥18 years； The ASA classification ranges from I to III. Patients have signed the informed consen...
NCT04586699,Meditation Accelerated Brain Stimulation for Depression,ACTIVE_NOT_RECRUITING,NA,50,ESTIMATED,2,California,ALL,18 Years,No upper limit,Depression,Inclusion Criteria: moderate to severe depression (PHQ-9 scale score >9 with confirmation using the Structured Clinical ...
NCT07044752,"Step 1: Be Aware, Anxiety Prevention Intervention",ENROLLING_BY_INVITATION,NA,50,ESTIMATED,1,New Jersey,ALL,13 Years,21 Years,Moderate Anxiety,Inclusion Criteria: able to speak and read in English reside in Paterson Exclusion Criteria: English is not first langua...
NCT06636006,Aerobic Exercise Versus Digital Cognitive Behavioral Therapy for Insomnia,RECRUITING,NA,50,ESTIMATED,1,Goiás,ALL,18 Years,No upper limit,Insomnia Chronic,Inclusion Criteria: ages ≥ 18 years old insomnia severity index score >8 be physically inactive according to the IPAQ qu...
NCT04581902,Biomarkers of Depression and Treatment Response,RECRUITING,NA,50,ESTIMATED,1,California,ALL,18 Years,70 Years,"Depressive Disorder, Major",Inclusion Criteria: Age 18-70 Meet Diagnostic and Statistical Manual-V (DSM-V) diagnostic criteria for Major Depressive ...
NCT07202715,RCT of CBT Based C.A.T Project for Pakistani Adolescents With Anxiety Disorders.,ACTIVE_NOT_RECRUITING,NA,50,ACTUAL,3,Punjab Province,ALL,14 Years,17 Years,Anxiety Disorder of Adolescence,"Inclusion Criteria: Participants aged 14-17-year-old in school setting, who score above the cutoff score (25) on SCARED ..."
NCT06072898,A Randomized Neuroimaging Trial of Psilocybin in Depression,RECRUITING,PHASE2,50,ESTIMATED,1,Ontario,ALL,18 Years,64 Years,"Depressive Disorder, Major Depressive Disorder",Inclusion Criteria: Able and voluntarily willing to provide written informed consent at the screening visit Over 18 and ...
NCT06858215,African Youth in Mind (Y-MIND) - Pilot Feasibility Trial of a Brief Psychological Intervention for Young People With Depression in Zimbabwe,ACTIVE_NOT_RECRUITING,NA,50,ESTIMATED,1,No US/listed site,ALL,15 Years,24 Years,Depression,Inclusion Criteria: Young people aged 15-24 years Scoring 11 or more on the locally validated Patient Health Questionnai...
NCT06534684,The Cerebral and Cognitive Changes After Intermittent Theta Burst Stimulation (iTBS) Treatment for Depression,RECRUITING,NA,50,ESTIMATED,1,No US/listed site,ALL,22 Years,65 Years,"Depression, Unipolar, Depression Moderate",Inclusion criteria: Patients must meet the diagnostic criteria of at least a moderate depression The duration of the cur...
NCT07062042,Empowering Narratives,RECRUITING,NA,50,ESTIMATED,1,No US/listed site,ALL,18 Years,No upper limit,"PTSD - Post Traumatic Stress Disorder, Depression Disorders, Dissociation, Refugee",Inclusion Criteria: Ukrainian refugee residing in Norway. Arrival in Norway after 24 February 2022. Minimum 18 years old...
NCT07413458,Virtual Reality (VR) NATURE - Alcohol Use Disorder (AUD),RECRUITING,NA,50,ESTIMATED,1,Michigan,ALL,18 Years,No upper limit,Alcohol Use Disorder,Inclusion Criteria: Individuals with a documented AUD diagnosis Individuals enrolled in an Intensive Outpatient Program ...
NCT04685486,Virtual Reality for Pain Management in Burn Patients,RECRUITING,NA,50,ESTIMATED,1,New York,ALL,8 Years,No upper limit,Pain,Inclusion Criteria: 8 years and older Patients with a burn injury and is in the Burn Unit at New York Presbyterian Awake...
NCT05487911,Cortical rTMS as a Treatment for Depression,ENROLLING_BY_INVITATION,NA,50,ESTIMATED,1,Texas,ALL,18 Years,64 Years,Major Depressive Disorder,Inclusion Criteria: Be male or female aged 18-60 years old Meets MDD criteria Has depressive symptoms according to the P...
NCT06732128,Nature-based Virtual Reality Intervention for Depression in Alzheimer's Disease,RECRUITING,NA,50,ESTIMATED,1,Ontario,ALL,50 Years,No upper limit,"Alzheimer Disease, Depression",Inclusion Criteria: Clinical diagnosis of mild to early-moderate stage AD (including mixed dementia with AD) using the D...
NCT06808373,The Effect of Hypnosis on Periodontal Treatment,RECRUITING,NA,50,ESTIMATED,1,No US/listed site,ALL,20 Years,65 Years,"Peridontal Disease, Dental Anxiety",Inclusion Criteria: Being between the ages of 20-65 Not having any systemic disease Having chronic periodontal disease H...
NCT07639359,Subanesthetic Ketamine Infusions for Depressive Symptoms in Intensive Care Unit Patients,RECRUITING,PHASE2,50,ESTIMATED,2,"Buenos Aires, Florida",ALL,18 Years,99 Years,"Critical Illness, Depressive Symptoms",Inclusion Criteria: Age 18 to 99 years. Male or female. Admission to an intensive care unit for 6 or more days at the ti...
NCT07731477,"The Effect of a Virtual Reality-Based Mindfulness Intervention on Anxiety, Comfort, Sleep, and Fatigue in Breast Cancer Patients Undergoing Chemotherapy",RECRUITING,NA,50,ESTIMATED,1,Ankara,FEMALE,18 Years,No upper limit,"Breast Cancer, Chemotherapy","Inclusion Criteria: Newly diagnosed with breast cancer, Female and aged 18 years or older, Diagnosed with stage II or II..."
NCT07477184,"Sleep Well Firefighters: An App-based Program to Improve Sleep, Cognition, and Behavioral Health in Firefighters",RECRUITING,NA,50,ESTIMATED,1,California,ALL,18 Years,No upper limit,"Sleep Health, Stress, Anxiety, Physical Activity, Nutrition, Cognition",Inclusion Criteria based on self report: Current CalFire Wildfire firefighter in Central Coast region or City of San Lui...
NCT07391540,ICBT for Psychological Symptoms Related to Economy,RECRUITING,NA,50,ESTIMATED,1,Östergötland County,ALL,18 Years,No upper limit,Depression and Anxiety Symptom,Inclusion Criteria: Experience mild to moderate psychological symptoms or problems related to economy 18 years or older ...
NCT06549777,Body-oriented Psychotherapy for Individuals With a History of Child Maltreatment and Trauma-related Symptoms,RECRUITING,NA,50,ESTIMATED,1,Stockholm County,ALL,18 Years,100 Years,"Safety, Psychological, Acceptability of Health Care, Psychological Safety, Maltreatment, Child, Post Traumatic Stress Disorder, Complex Post-Traumatic Stress Disorder",Inclusion Criteria: Adults (18 years or older). Proficiency in Swedish Language. Access to a computer/internet. Meeting ...
NCT07262801,Psychological and Physiological Impact of a Mindfulness-based Intervention on Anxiety Disorders During the Postpartum Period,RECRUITING,NA,50,ESTIMATED,2,Ontario,FEMALE,18 Years,No upper limit,"Postpartum Anxiety, Anxiety Disorders",Inclusion Criteria: mothers/birthing parents 18 years and older who are between 0-12 months postpartum principal diagnos...
NCT05649059,Investigating the Effects of Cannabidiol on Social Anxiety Disorder,RECRUITING,PHASE4,50,ESTIMATED,1,Massachusetts,ALL,18 Years,55 Years,"Phobia, Social",Inclusion Criteria: Ability and willingness to provide written informed consent. Sufficiently fluent in English to parti...
NCT06783946,"Meditation Effects on Discomfort, Pain InTerference, and AnxieTy After urEteroscopy",ENROLLING_BY_INVITATION,NA,50,ESTIMATED,2,Pennsylvania,ALL,12 Years,No upper limit,"Kidney Stone, Pain, Postoperative, Anxiety Postoperative",Inclusion Criteria: 1. Subjects age 12 years and older 2. Diagnosis of unilateral or bilateral ureteral or renal stones ...
NCT06089850,Psychological Impact of Haploidentical Allogeneic Hematopoietic Stem Cell Transplantation on Donors,RECRUITING,NA,50,ESTIMATED,1,No US/listed site,ALL,18 Years,No upper limit,"Haplo-identical Transplantation, Transplantation",Inclusion criteria: Identical haplo CSH donors ascending (parents) or descending (children) Major identical haplo HSC do...
NCT05942885,Hypnosis: a Path to Appeasement,RECRUITING,NA,50,ESTIMATED,1,Pierre-Bénite,ALL,18 Years,No upper limit,Hematologic Cancer,"Inclusion Criteria: Patients over 18 years old, fluent in French. Patients starting hypnotherapy for anxiety disorders. ..."
NCT07752004,Stress Ball Use in Non-Invasive Mechanical Ventilation Patients,ENROLLING_BY_INVITATION,NA,50,ESTIMATED,1,No US/listed site,ALL,18 Years,No upper limit,Non Invasive Ventilation (NIV),Inclusion Criteria: Physician-confirmed diagnosis of type II respiratory failure. Receiving non-invasive mechanical vent...
NCT06374589,Closed-Loop O2 Use During High Flow Oxygen Treatment of Critical Care Adult Patients (CLOUDHFOT),RECRUITING,NA,50,ESTIMATED,2,No US/listed site,ALL,18 Years,No upper limit,"Acute Hypoxemic Respiratory Failure, Acute Hypercapnic Respiratory Failure, Respiratory Depression, Respiratory Failure",Inclusion Criteria: Patient admitted to the ER Requiring NHFO Requiring FiO2 ≥ 30% to keep SpO2 in the target ranges def...
NCT07094451,Virtual Reality for Pain Control in US-Guided Obstetric Needle Procedures,RECRUITING,NA,50,ESTIMATED,1,New York,FEMALE,18 Years,No upper limit,Procedural Pain,Inclusion criteria: Age ≥18 English-speaking Undergoing ultrasound-guided needle procedure at Mount Sinai Exclusion crit...
NCT07705113,Effectiveness of Depression and Substance Use Module for Patients With Co-occurring Disorders,ACTIVE_NOT_RECRUITING,NA,50,ACTUAL,1,Punjab Province,MALE,17 Years,56 Years,"Depression, Substance Use Disorders","Inclusion Criteria: 1. Participants identified by the rehabilitation centre 2. Only male participants will be taken, 3. ..."
NCT06942559,Brain-Oscillation Synchronized Stimulation of the DMPFC,RECRUITING,NA,48,ESTIMATED,1,Ontario,ALL,18 Years,65 Years,"Obsessive Compulsive Disorder (OCD), Treatment Resistant Obsessive Compulsive Disorder","Inclusion Criteria: 1. Are 18-65 years old; 2. Have OCD as a primary disorder, confirmed by a Mini-International Neurops..."
NCT07113080,Assessing the Efficacy of Lemongrass and Lavender Aromatherapy in Reducing Dental Anxiety and Pain Associated With Local Anesthetic Injections in Pediatric Dental Patients,RECRUITING,PHASE4,48,ESTIMATED,1,Cairo Governorate,ALL,7 Years,11 Years,Dental Fear and Anxiety,Inclusion Criteria: children aged 7-11 years medically free children category 3 or 4 according to Frankle behavior ratin...
NCT06989138,Effects of Orthosis & Exercise on Spondylolisthesis,RECRUITING,NA,48,ESTIMATED,1,Istanbul,ALL,18 Years,65 Years,"Spondylolisthesis, Orthosis, Exercise Training",Inclusion Criteria: Individuals aged 18-65 Individuals without indication for surgery Individuals diagnosed with grade 1...
NCT07687940,"Feasibility and Effects of a Blended Baduanjin Exercise and Green Tea Consumption Program on Depressive Symptoms, Gut Microbiota and Quality of Life in Older Adults",RECRUITING,NA,48,ESTIMATED,1,No US/listed site,ALL,65 Years,84 Years,Depressive Symptoms,"Inclusion Criteria: 1. community-dwelling older adults aged 65 to 84 years, who are youngest-old and middle-old with rel..."
NCT07323498,Enhancing Generalization of Virtual Reality Exposure for Public Speaking Anxiety,RECRUITING,NA,48,ESTIMATED,1,Hesse,ALL,18 Years,70 Years,"Public Speaking Anxiety, Public Speaking Fear","Inclusion Criteria: speech anxiety scale score of ≥ 18 on the Personal Report of Communication Apprehension, Public Spea..."
NCT06246669,The Influence of Prescribed Exercise on Pain Related Fear Following Concussion in Collegiate Athletes,RECRUITING,NA,46,ESTIMATED,1,Virginia,ALL,18 Years,25 Years,"Concussion, Brain",Inclusion Criteria: Collegiate athlete (varsity) Symptomatic at time of exercise prescription Exclusion Criteria: If adv...
NCT07145307,Personalized Digital Treatment for Adolescent Anxiety: A Feasibility Trial,RECRUITING,NA,46,ESTIMATED,2,No US/listed site,ALL,13 Years,18 Years,Anxiety Disorders,"Inclusion Criteria: 13 to 18 years old Adequate Norwegian reading, writing and speaking skills Access to the internett a..."
NCT06696001,Neuroscience of Psychotherapy for Depression,RECRUITING,NA,45,ESTIMATED,1,North Carolina,ALL,18 Years,30 Years,Depression,"Inclusion Criteria for participants/clients: Between ages 18 and 30 Full-time student status (undergraduate, graduate, a..."
NCT07073521,Developing Evidence-Based Cognitive Approaches to Improve Adjustment to Vision Loss,RECRUITING,NA,45,ESTIMATED,1,Illinois,ALL,18 Years,No upper limit,"Depression, Anxiety, Visual Impairment, Adjustment, Adjustment Disorder With Anxious Mood, Adjustment Disorder With Depressed Mood, Blindness, Acquired, Blindness and Low Vision, Vision Loss","Inclusion Criteria: Adults who are at least 18 years old Experiencing varying degrees of vision loss (e.g. mild, moderat..."
NCT04870255,Treatment of Acute Mood Depressive Episode in Borderline Personality Disorder With rTMS,RECRUITING,NA,45,ESTIMATED,1,California,ALL,18 Years,80 Years,"Depressive Disorder, Major, Borderline Personality Disorder","Inclusion Criteria: Male or Female, between the ages of 18 and 80 at the time of screening. Able to read, understand, an..."
NCT04953806,"The Development of an Integrated Physical Activity and Mental Health Intervention for Veterans With COPD, Emotion Distress, and Low Physical Activity",ACTIVE_NOT_RECRUITING,NA,45,ACTUAL,1,Massachusetts,ALL,40 Years,No upper limit,"COPD, Depression, Anxiety","Inclusion Criteria: Any gender-identified, greater than or equal to 40 years of age Clinical diagnosis of COPD defined a..."
NCT04513444,Interest of Medical Hypnosis in Anxious Patients Treated by Radiotherapy,RECRUITING,PHASE2,45,ESTIMATED,1,No US/listed site,ALL,18 Years,No upper limit,Solid Tumor,Inclusion Criteria: 1. Age ≥ 18 years at the time of enrollment into the study. 2. Patient with localized or metastatic ...
NCT06596187,Differential Assessment of Hypertonia,RECRUITING,NA,45,ESTIMATED,1,No US/listed site,ALL,20 Years,No upper limit,"SCI - Spinal Cord Injury, PD - Parkinson's Disease",Health subjects: Exclusion Criteria: 1. Musculoskeletal injuries on legs. 2. Osteoporosis. SCI subjects: Inclusion Crite...
NCT07221786,Preoperative Opioid Tapering Before Spine Surgery,RECRUITING,NA,45,ESTIMATED,1,Pennsylvania,ALL,18 Years,No upper limit,"Opioid Consumption, Postoperative, Pain After Surgery, Opioid Dependency",Inclusion: at least 18 years old scheduled for major spine surgery (i.e. at least 1 level of fusion) with hospital admis...
NCT04864080,Transdiagnostic Cognitive Biomarkers,RECRUITING,NA,45,ESTIMATED,1,Minnesota,ALL,18 Years,No upper limit,"Pain, Depression","Arm 1, healthy controls: Inclusion Criteria: Have access to the online study platform. Exclusion Criteria: under 18, non..."
NCT06419439,Ketamine-assisted Integrative Treatment for Veterans With Chronic Low Back Pain and Comorbid Depression,RECRUITING,PHASE2,44,ESTIMATED,1,Michigan,ALL,18 Years,No upper limit,"Chronic Low Back Pain, Depression","Inclusion Criteria: Veterans with self-report of moderate to severe, high impact chronic low back pain (defined as 4/10 ..."
NCT07546799,"Growth, Empowerment, and Mindfulness (GEM): A Mindfulness-based Intervention to Address Mental Health in Young Adults With Early Life Adversity",ACTIVE_NOT_RECRUITING,NA,44,ESTIMATED,1,Rhode Island,ALL,18 Years,24 Years,"Anxiety, Depression","Inclusion Criteria: Age 18-24 Reside in the US Experiences of psychosocial forms of early life adversity, defined as say..."
NCT07560241,"The Effects of an Intermodal Art Therapy Program on Depression, Anxiety, Stress, and Emotion Regulation Skill Levels in Nursing Students: A Randomized Controlled Study",ENROLLING_BY_INVITATION,NA,44,ESTIMATED,1,Istanbul,ALL,17 Years,23 Years,Art Therapy,Inclusion Criteria: Being enrolled in the 1st or 2nd year of the Nursing Department at Istanbul Atlas University in the ...
NCT06580249,Efficacy and Mechanism of rTMS on the Symptoms of Pleasure Deficit in Adolescent Depression,RECRUITING,NA,44,ESTIMATED,1,Shaanxi,ALL,10 Years,19 Years,Depression,"Inclusion Criteria: 1. Age 10-19 years old (both 10 and 19), gender is not limited; 2. Meet the criteria for diagnosing ..."
NCT07407595,Effect of Anticipated Pain on Corticospinal Excitability,ACTIVE_NOT_RECRUITING,NA,44,ESTIMATED,1,Nord,ALL,18 Years,65 Years,"Nocebo Effect, Kinesiophobia",Inclusion Criteria: Adults aged 18 to 65 years. No current pain at the time of inclusion and no pain episode or injury a...
NCT04106102,Study of the Effectiveness of Transcranial Direct Current Stimulation on Obsessive Compulsive Disorder,ACTIVE_NOT_RECRUITING,NA,43,ACTUAL,1,No US/listed site,ALL,18 Years,No upper limit,Obsessive-Compulsive Disorder,Inclusion Criteria: Presenting an obsessive-compulsive disorder according to the criteria of Diagnostic and Statistical ...
NCT04594278,COVID-19 Burnout Study,ACTIVE_NOT_RECRUITING,NA,43,ACTUAL,1,Ontario,ALL,18 Years,No upper limit,Stress,"Inclusion Criteria: -Employee in the radiation medicine program in UHN Health Care Professional (Therapist, Nurse, Physi..."
NCT04987957,Effect Of Musıc Therapy On Anxıety Levels In COVID-19 Pandemıc,RECRUITING,NA,42,ESTIMATED,1,No US/listed site,ALL,,No upper limit,Anxiety,"Inclusion Criteria: Not having a verbal or auditory communication barrier, To voluntarily agree to participate in the re..."
NCT06706544,"Ozone Treatment in Paresthesia (Numbness, Tingling) Secondary to Chemotherapy-induced Peripheral Neuropathy",RECRUITING,"PHASE2, PHASE3",42,ESTIMATED,1,Las Palmas,ALL,18 Years,No upper limit,"Chemotherapy Induced Peripheral Neuropathy (CIPN), Paresthesia, Numbness, Tingling",Inclusion Criteria: 1. Adults > = 18 years old. 2. Previous treatment with any chemotherapy because of any tumor. 3. Cli...
NCT06044324,Positron Emission Tomography in Transcranial Magnetic Stimulation Intervention for Treatment-resistant Depression,ENROLLING_BY_INVITATION,NA,42,ESTIMATED,1,Zhejiang,ALL,18 Years,45 Years,"Treatment Resistant Depression, Visual Perceptual Weakness",Inclusion Criteria: 1. Receive two or more adequate doses and courses of antidepressant drugs in different mechanisms th...
NCT06436079,Evaluation of the Effectiveness of a Nursing Intervention Program in Reducing Anxiety in Users Who Perform Scheduled Sessions in the Hyperbaric Chamber,RECRUITING,NA,42,ESTIMATED,1,Girona,ALL,18 Years,100 Years,"Anxiety and Fear, Nurse's Role",Inclusion Criteria: Results in the Pfeiffer questionnaire<2. That they understand Spanish or Catalan Exclusion Criteria:...
NCT06215313,EMDR Versus Imagery Rescripting for Trauma-Related Intrusions,ENROLLING_BY_INVITATION,NA,42,ESTIMATED,1,North Brabant,ALL,18 Years,70 Years,"Stress Disorders, Post-Traumatic, Depression",Inclusion Criteria: age between 18 and 70 years experiencing intrusions and/or nightmares meet criteria for unipolar dep...
NCT07775547,Acupressure in Pediatric K-wire Removal,ACTIVE_NOT_RECRUITING,NA,41,ACTUAL,1,Tuşba,ALL,6 Years,12 Years,"Pain, Pain Management",Inclusion Criteria: - Children aged 6-12 years. First-time K-wire removal following treatment for an elbow fracture. Abl...
NCT07432815,Treatment of Psoriasis With Depression and/or Anxiety With Methotrexate vs Combined Methotrexate and Antidepressant,RECRUITING,PHASE4,40,ESTIMATED,1,Cairo Governorate,ALL,18 Years,60 Years,"Depression, Anxiety, Psoriasis",Inclusion Criteria: Adults aged >18 and <60 years Moderate to severe psoriasis (PASI ≥10 or BSA ≥10%) Moderate to severe...
NCT07211217,Time Restricted Eating (TRE) in Bipolar Disorder,RECRUITING,NA,40,ESTIMATED,1,Massachusetts,ALL,18 Years,65 Years,"Bipolar Disorder (BD), Bipolar Disorder Depression, Overweight (BMI > 30)","Inclusion Criteria: Adults (aged 18-65 years) Diagnosed with bipolar disorder (i.e., subtype Bipolar I or II as assessed..."
NCT06845488,Application of Virtual Reality Technology to Treatment of Social Anxiety,RECRUITING,NA,40,ESTIMATED,1,Texas,ALL,18 Years,No upper limit,"Autism Spectrum Disorder, Social Anxiety Disorder",Inclusion Criteria: Autism Spectrum Disorder (ASD) (diagnosed by a qualified professional) verbal and literate in Englis...
NCT06551090,Prediction of Anxiety and Memory State,RECRUITING,NA,40,ESTIMATED,1,New York,ALL,18 Years,55 Years,"Anxiety, Memory, Epilepsy",Inclusion Criteria: Patients must have known or suspected Temporal Lobe Epilepsy. Native or proficient in speaking Engli...
NCT02959502,Home-Based CR and tDCS to Enhance Cognition in Persons With Mild Cognitive Impairment and Late Life Depression,ACTIVE_NOT_RECRUITING,NA,40,ESTIMATED,1,Ontario,ALL,60 Years,No upper limit,"Mild Cognitive Impairment, Major Depressive Disorder, Alzheimer's Dementia, Transcranial Direct Current Stimulation, tDCS","MCI Group Inclusion: 1. Age > 60 (on day of randomization) 2. DSM-IV criteria for Mild Neurocognitive Disorder (""MCI"") 3..."
NCT06796166,The Impact of AI- Supported Education in Mastectomy Patient,RECRUITING,NA,40,ESTIMATED,1,Bakirköy,FEMALE,18 Years,No upper limit,"Breast Cancer, Anxiety, Mastectomy, Patient Education as Topic, Artificial Intelligence (AI)",Inclusion criteria: Literate female patients Patients who will undergo total mastectomy surgery Patients diagnosed with ...
NCT07565714,Optimization of Late Imagery Rescripting Research Using Generative Artificial Intelligence,RECRUITING,NA,40,ESTIMATED,2,Wielkopolska,ALL,18 Years,35 Years,"Generalized Anxiety, Fear of Failure, Rumination","Inclusion Criteria: Age 18-35 Score ≥ 8 on GAD-7 (Plummer et al., 2016) Ability to recall at least two childhood memorie..."
NCT07359157,Changing Lives and Changing Outcomes-9 at Worcester Recovery Center and Hospital,RECRUITING,NA,40,ESTIMATED,1,Massachusetts,ALL,18 Years,No upper limit,"Serious Mental Illness, Psychotic Disorder, Depression, Bipolar",Inclusion Criteria: Currently hospitalized at Worcester Recovery Center and Hospital (WRCH) At least 18 years old Self-r...
NCT06888284,Effects of Tuijing Therapy on Heart Rate Variability and Psychological Symptoms,ENROLLING_BY_INVITATION,NA,40,ESTIMATED,1,No US/listed site,ALL,18 Years,60 Years,Depression,Inclusion Criteria: Age 18 - 55 years old Willingness to participate in the study and undergo randomization Proficiency ...
NCT06809166,Metabolic and Behavioural Effects of CONTRAVE as Potential Mechanisms of Weight Loss in Adults With Obesity,RECRUITING,PHASE4,40,ESTIMATED,3,Ontario,ALL,18 Years,64 Years,"Obesity, Weight Loss, Weight Management, Dietary Intervention, Obesity/Therapy",Inclusion Criteria: 1. Participants who are able to provide written informed consent prior to the initiation of any prot...
NCT06355414,Psilocybin in Chronic Low Back Pain and Depression,RECRUITING,PHASE1,40,ESTIMATED,1,Maryland,ALL,21 Years,80 Years,"Chronic Low-back Pain, Depression",Inclusion Criteria: 21 to 80 years old Have given written informed consent Report low back pain as ongoing problem ≥ 3 m...
NCT06274112,Using TMS to Understand Neural Processes of Social Motivation,RECRUITING,NA,40,ESTIMATED,1,Alabama,ALL,25 Years,50 Years,"Social Avoidant Behavior, Major Depressive Disorder, Social Anxiety Disorder",Inclusion Criteria: A diagnosis of Major Depressive Disorder OR a diagnosis of Social Anxiety Disorder (assessed/confirm...
NCT07728994,SONATA LIFU for OCD,RECRUITING,PHASE2,40,ESTIMATED,1,California,ALL,22 Years,80 Years,Obsessive Compulsive Disorder,Inclusion Criteria: 1. Have a principal diagnosis of OCD according to the DSM-5 with duration of > 1 year 2. Have a Y-BO...
NCT07610655,"Effects of Transcutaneous Vagal Nerve Stimulation on Post-Surgical Return to Consciousness, Delirium, and Depression",RECRUITING,NA,40,ESTIMATED,1,Illinois,ALL,18 Years,No upper limit,"Post Operative Delirium, Cognitive Impairment, Vagus Nerve Stimulation, Depression",Inclusion Criteria: 1. Aged > 18 years of age 2. Patients undergoing lumbar surgery for degenerative disc disease or spi...
NCT07124780,Helping Adults With Obsessive-Compulsive Disorder Succeed at Work,RECRUITING,NA,40,ESTIMATED,1,New York,ALL,18 Years,60 Years,Obsessive-Compulsive Disorder (OCD),Inclusion Criteria: Currently unemployed and interested in finding competitive employment in New York State Currently re...
NCT06523439,Accelerated Intermittent Theta Burst in Treatment-Naive Adolescents,RECRUITING,NA,40,ESTIMATED,1,Texas,ALL,13 Years,20 Years,"Major Depressive Disorder, Depression in Adolescence, Depression, Major Depressive Episode","Inclusion Criteria: 1. Male or Female, between the ages of 13 and 20 at the time of screening. 2. Able to read, understa..."
NCT07705776,SanaMente: A Peer-Led Program to Reduce Health Disparities in Rural Latino/a Communities,RECRUITING,NA,40,ESTIMATED,1,Colorado,ALL,18 Years,No upper limit,"Depression and/or Anxiety in the Mild-to-moderate Range, Stress (Psychology), Chronic Medical Illness",Inclusion Criteria: Adults aged 18 years or older. Identify as Hispanic/Latino/a. Patients of La Clínica del Pueblo in C...
NCT05563805,Exploring Virtual Reality Adventure Training Exergaming,RECRUITING,NA,40,ESTIMATED,1,Texas,FEMALE,18 Years,45 Years,"Physical Activity, Sedentary Behavior, Depression, Cognitive Function, Post Traumatic Stress Disorder, Quality of Life, Anxiety",Inclusion Criteria: 1. Are between the ages of 18 and 45 2. Identify as a U.S. military veteran 4. Normal vision (no col...
NCT06317636,Propofol-Enhanced Assessment of Ketamine for Chronic Pain and Depression,ACTIVE_NOT_RECRUITING,PHASE4,40,ESTIMATED,1,California,ALL,18 Years,70 Years,"Chronic Pain, Depression",Inclusion Criteria: Age 18 to 70 years old Comfortable speaking and writing in English Chronic pain present daily for at...
NCT06625502,Unmute's CARE Framework: A Novel Approach to Strengthen the Therapeutic Alliance and Reduce Treatment Disparities,ACTIVE_NOT_RECRUITING,NA,40,ESTIMATED,2,"Massachusetts, New York",ALL,18 Years,No upper limit,"Depression Scale Score, Anxiety Symptoms, Functioning, Psychosocial, Working Alliance",Inclusion Criteria: Patient Participants: 1. Individuals 18 years of age or older 2. Physically residing in New York or ...
NCT07543328,Transcranial Photobiomodulation (tPBM) for Somatic Symptoms in Treatment-Resistant Depression,RECRUITING,NA,40,ESTIMATED,1,No US/listed site,ALL,18 Years,65 Years,"Treatment-resistant Depression (TRD), Major Depression Disorder",Inclusion Criteria: Must have a current diagnosis of Major Depressive Disorder (MDD). The clinical severity must be eval...
NCT07096154,Improving Emotional Wellbeing of University Students: Anxiety Management,RECRUITING,NA,40,ESTIMATED,2,No US/listed site,ALL,18 Years,No upper limit,Anxiety,Inclusion Criteria: 1. Must be a Bogazici University student. 2. Must be 18 years or older. 3. Must score above the thre...
NCT07045116,Electronic vs. Conventional Syringes: Impact on Pediatric Pain and Anxiety,RECRUITING,NA,40,ESTIMATED,1,No US/listed site,ALL,6 Years,8 Years,"Dental Anxiety, Pain Management",Inclusion Criteria: 6-8-year-old children. Medically free (ASA class I). Children attending their first dental visit. Th...
NCT07610369,The Efficacy of Psilocybin Therapy for Depression in Parkinson's Disease,RECRUITING,PHASE2,40,ESTIMATED,1,Connecticut,ALL,40 Years,80 Years,"Depression, Parkinson's Disease (PD)",Inclusion Criteria: Able to understand and provide informed consent Comfortable speaking and writing in English Have neu...
NCT06667180,"Effects of Low-intensity Transcranial Magnetic Stimulation on Major Depressive Disorder, and on 5-hydroxyindoleacetic Acid and Brain-derived Neurotrophic Factor Levels",RECRUITING,"PHASE1, PHASE2",40,ESTIMATED,1,Guanajuato,ALL,18 Years,60 Years,"Depression - Major Depressive Disorder, Transcranial Magnetic Stimulation, Placebo",Inclusion Criteria: Age between 18 and 60 years. Both sexes. Those who have a diagnosis of MDD previously made by the tr...
NCT06726304,Increasing Physical Contact Between Prenatally Anxious/Depressed Mothers and Their Infants to Improve Maternal Sensitivity.,ENROLLING_BY_INVITATION,NA,40,ESTIMATED,1,Quebec,FEMALE,18 Years,No upper limit,"Prenatal Anxiety, Prenatal Depression, Maternal Sensitivity",Inclusion Criteria: 18 years or older be able to communicate in English or French diagnosed with a depressive or anxiety...
NCT07631845,Music Breathing in Enhancing Resilience Among Elders at Risk of Mental Health Problems,RECRUITING,NA,40,ESTIMATED,1,No US/listed site,ALL,65 Years,No upper limit,"Resilience, Anxiety, Depressive Symptom, Loneliness, Health-related Quality of Life",Inclusion Criteria: Aged 65 years or above Able to read Chinese and communicate in Cantonese/Mandarin. Has mild to moder...
NCT07351799,Mindfulness and Meditation Based Lactation Education on Maternal Breastmilk in the Neonatal ICU,RECRUITING,NA,40,ESTIMATED,1,Minnesota,FEMALE,20 Years,No upper limit,"Lactation, Mindfulness, NICU, Breastmilk, Neonatal, Meditation, Pumping, Breast, Cortisol, Oxytocin, Anxiety, Depression","Inclusion Criteria: Maternal age > 20 years of age Read, write and understand English Infant NICU admit Infant birthplac..."
NCT07240792,Development of a College Student-Delivered Cognitive-Behavioral Therapy (CBT) Intervention for Rural High School Students,RECRUITING,NA,40,ESTIMATED,1,Pennsylvania,ALL,13 Years,18 Years,"Depression, Anxiety, Stress",Inclusion Criteria: High school students ages 13-18 years. Attending a participating rural high school in Schuylkill Cou...
NCT07113067,Accelerated rTMS vs. Sham for Stroke Apathy,RECRUITING,"PHASE1, PHASE2",40,ESTIMATED,1,South Carolina,ALL,40 Years,No upper limit,"Apathy, Stroke, Stroke Sequelae, Stroke/Brain Attack, Stroke/ Cerebrovascular Accident (Ischemic or Hemorrhagic), Motivation, Abulia",Inclusion Criteria: 40 years old or greater Right- or left-hemisphere ischemic or hemorrhagic stroke with at least 6 mon...
NCT07717723,Supporting Mental Health and Reducing Care Stress in Caregivers of Persons With Cardiovascular Disease,RECRUITING,NA,40,ESTIMATED,1,California,ALL,18 Years,No upper limit,"Caregiver Burden, Stress, Depression, Anxiety, Cardiovascular Diseases",Inclusion Criteria: 18 years of age or older Is a caregiver for a patient receiving care in our UC Davis Cardiac Rehabil...
NCT07051200,"Recovery Through Inspiration, Support, and Empowerment",RECRUITING,NA,40,ESTIMATED,1,Texas,ALL,18 Years,27 Years,"Suicidal Ideation, Suicide Attempt, Anxiety, Depression Disorders","Inclusion Criteria: Chief complaint of suicidal ideation, suicide attempt, depression, and/or anxiety discharged from in..."
NCT07634705,Digitally Enhanced Stepped-Care for Depression in Primary Care,RECRUITING,NA,40,ESTIMATED,1,South Carolina,ALL,18 Years,No upper limit,Depression,Inclusion Criteria: elevated depression symptoms (score of >=10 on the PHQ-9) age >=18 years owns an iOS or Android smar...
NCT07356895,Effect of Social Stories on Anesthesia Compliance in Children With Autism,RECRUITING,NA,40,ESTIMATED,1,No US/listed site,ALL,3 Years,18 Years,"Autism Spectrum Disorder, Social Stories",Inclusion Criteria: Children diagnosed with Autism Spectrum Disorder Patients scheduled for elective surgical procedures...
NCT07319117,Evaluation of the Impact of a Nutritional Formulation on Cognitive Performance Following Stress Exposure.,RECRUITING,NA,40,ESTIMATED,1,West Yorkshire,FEMALE,40 Years,60 Years,"Cognitive Assessment, Working Memory, Executive Function (Cognition), Sustained Attention, Inhibitory Control, Cognitive Flexibility, Cortisol, Stress, Anxiety, Depression, Sleep Quality, Blood Pressure, Heart Rate, Mental Fatigue, Physical Fatigue, Productivity, Effort",Inclusion Criteria: 1. Willing and able to provide written informed consent (in English) 2. Aged 40-60 3. Female 4. Dail...
NCT06729294,"Effect of Music Listened During Knee Arthroplasty With Spinal Anesthesia on Anxiety, Pain and Cortisol Levels",RECRUITING,NA,40,ESTIMATED,1,Kayseri,ALL,18 Years,No upper limit,"Spinal Anesthesia, Knee Arthroplasty","Inclusion Criteria: Patients who are older than 18 years, Who have undergone unilateral knee arthroplasty under spinal a..."
NCT06261502,Effect of CANnabidiol on Anxiety and GABAergic Function in Individuals With Fragile-X Syndrome,RECRUITING,PHASE2,40,ESTIMATED,1,Quebec,ALL,7 Years,40 Years,Fragile X Syndrome,Inclusion Criteria: Molecular diagnosis of FXS Age 7 to 40 inclusively Overall ABC-C score > 20 Taking up to 3 psychoact...
NCT07762066,Bridge to Belonging: Peer Led Intervention to Reduce Loneliness and Depression Among Older Gay and Bisexual Men,RECRUITING,NA,40,ESTIMATED,1,Massachusetts,ALL,50 Years,No upper limit,HIV,Inclusion Criteria: HIV+ and provide evidence or documentation of HIV+ status Willing to release HIV-related health reco...
NCT07635446,"Effects of Laura Mitchell's and Benson Relaxation Technique On Anxiety, Sleep Quality and Fatigue Among COPD Patients",RECRUITING,NA,38,ESTIMATED,1,Punjab Province,ALL,40 Years,60 Years,COPD,Inclusion Criteria: - Gender: Male and Female Age: 40 to 60 years Patients diagnosed with COPD Willing to participate Ex...
NCT06166953,The Effect of Digital Technology-Supported Education on Patients Undergoing Breast Reconstruction After Mastectomy: A Randomized Controlled Study,RECRUITING,NA,38,ESTIMATED,1,Çankaya,ALL,18 Years,75 Years,Breast Cancer,"Inclusion Criteria: Being diagnosed with stage 1, 2, or 3 breast cancer Planned to undergo immediate breast reconstructi..."
NCT06346301,Imagery Rescripting as a Stand-alone Treatment for OCD and BDD.,RECRUITING,NA,36,ESTIMATED,1,North Holland,ALL,18 Years,No upper limit,"Obsessive-Compulsive Disorder, Body Dysmorphic Disorders, Anxiety Disorders","Inclusion Criteria: Meet the criteria for OCD or BDD, a primary diagnosis according to the Diagnostic and Statistical Ma..."
NCT06891300,Understanding and Treating Suicidal Ideation With Ketamine,RECRUITING,"PHASE2, PHASE3",36,ESTIMATED,1,Ontario,ALL,18 Years,65 Years,"Suicidal Ideation, Major Depressive Disorder (MDD)",Inclusion Criteria: 1. English speaking 2. Ages 18-65 years old 3. Suicidal ideation severity score ≥3 on the Columbia S...
NCT07622654,Effect of Emotion-Focused Acceptance and Commitment Therapy on Obsessive-Compulsive Disorder Symptom Severity,RECRUITING,NA,36,ESTIMATED,1,Istanbul,ALL,18 Years,65 Years,"OCD, Obsessive - Compulsive Disorder",Inclusion Criteria: Diagnosis of Obsessive-Compulsive Disorder according to DSM-5 criteria Age between 18-65 years Minim...
NCT06943430,The Effect of Laughter Yoga Applied to Nursing Students on Exam Anxiety and Spirituality,ACTIVE_NOT_RECRUITING,NA,36,ACTUAL,1,Turkey,ALL,18 Years,30 Years,"Exam Stress, Anxiety, Spirituality",Inclusion Criteria: Being a 2nd-year student in the Nursing Department Able to speak and understand Turkish Voluntarily ...
NCT06330584,Administration of Intranasal Midazolam for Anxiety in Palliative Care,RECRUITING,PHASE2,36,ESTIMATED,5,Canton of Basel-City,ALL,18 Years,No upper limit,"Anxiety, Acute Anxiety, Palliative Care",Inclusion Criteria: Adult palliative care patients (≥ 18 years) hospitalized at one of the study sites Self-reported acu...
NCT07473180,Effects of Qigong Therapy in MS Patients,ACTIVE_NOT_RECRUITING,NA,36,ESTIMATED,1,No US/listed site,ALL,18 Years,65 Years,Multiple Sclerosis,"Inclusion Criteria: Aged 18-65 years, diagnosed with MS according to McDonald criteria, Expanded Disability Status Scale..."
NCT07642882,Analgesic Efficacy of Multisite rTMS in Fibromyalgia Patients,RECRUITING,NA,36,ESTIMATED,1,Île-de-France Region,ALL,18 Years,80 Years,"Fibromyalgia, Depression - Major Depressive Disorder, Chronic Pain","Inclusion Criteria: Chronic pain lasting at least 6 months, with or without associated depressive symptoms; Fibromyalgia..."
NCT02988271,Meditation Therapy in Improving Anxiety and Depression in Cancer Patients With Psychosocial Distress,ACTIVE_NOT_RECRUITING,NA,35,ACTUAL,1,Texas,ALL,18 Years,No upper limit,"Anxiety, Depression, Malignant Neoplasm",Inclusion Criteria: Patients at MD Anderson with a cancer history who are either undergoing active treatment or who have...
NCT06882902,Unique Electroencephalography (EEG) Markers of Habit Behaviors in Obsessive-Compulsive Disorder (OCD),ENROLLING_BY_INVITATION,NA,35,ESTIMATED,1,Shanghai Municipality,ALL,18 Years,50 Years,Obsessive-Compulsive Disorder,Inclusion Criteria: 1. Aged between 18 and 50; 2. Y-BOCS score greater than or equal to 16; 3. Meet DSM-5 diagnostic cri...
NCT07572526,tDCS: Sleep to Mood in Depression (S2M-D),RECRUITING,NA,35,ESTIMATED,1,New York,ALL,18 Years,65 Years,"Major Depressive Disorder, MDD, Depression, Major Depressive Episode","Inclusion Criteria: 1. Ability to read and understand study materials in English, as demonstrated by a standard score >8..."
NCT07603804,Accelerated iTBS for Major Depression,RECRUITING,NA,35,ESTIMATED,1,No US/listed site,ALL,18 Years,65 Years,"Major Depressive Disorder (MDD), Treatment Resistant Depression (TRD)",Inclusion Criteria: Age between 18 and 65 years Diagnosis of Major Depressive Disorder according to DSM-5 criteria Inade...
NCT07579078,Effect of Vitamin D Supplementation on Brain Waves in Female Major Depressive Disorder Patients With Hypovitaminosis D,ENROLLING_BY_INVITATION,NA,34,ESTIMATED,1,No US/listed site,FEMALE,20 Years,40 Years,"Major Depressive Disorder (MDD), Hypovitaminosis D","Inclusion Criteria: • Diagnosed case of MDD by a psychiatrist form the Department of Psychiatry OPD, based on the Diagno..."
NCT06591754,"Feasibility, Acceptability, and Preliminary Effects of ISTDP for Personality Disorders in a Specialized Psychiatric Clinic",ENROLLING_BY_INVITATION,NA,34,ESTIMATED,1,No US/listed site,ALL,18 Years,No upper limit,Personality Disorder,Inclusion Criteria: Personality disorder diagnosis (Clinical assessment using STIP-5) Speaks Swedish fluently Exclusion ...
NCT06472492,Cognitive Enhancement in Unipolar Depression With Yoga,RECRUITING,NA,32,ESTIMATED,1,Karnataka,ALL,18 Years,60 Years,Unipolar Depression,Inclusion Criteria: Age more than 18years and less than 60 years H/o at least one depressive episode which is under remi...
NCT07663851,EFFECTIVENESS OF VIRTUAL REALITY SIMULATION,RECRUITING,NA,32,ESTIMATED,1,No US/listed site,ALL,18 Years,23 Years,Clinical Decision Making,"Inclusion Criteria: To be registered for the Psychiatric Nursing course in the 2024-2025 spring semester, To be taking t..."
NCT06490965,Improving Obsessive-compulsive Disorder Treatments: from Lesions to Neuromodulation Targets,RECRUITING,NA,32,ESTIMATED,1,No US/listed site,ALL,18 Years,75 Years,Obsessive-Compulsive Disorder,Inclusion Criteria: Age between 18 and 75 years; Established diagnosis of Obsessive-Compulsive Disorder according to Dia...
NCT04451135,CET- REM (Correlating ECT Response to EEG Markers),ACTIVE_NOT_RECRUITING,NA,31,ACTUAL,1,Missouri,ALL,18 Years,No upper limit,"ECT, Treatment Resistant Depression",Inclusion Criteria: Age 18 years or greater Referral for ECT index course for treatment-resistant depression (unipolar m...
NCT06781697,InTRavenous kEtAmine and immerSive virtUal Reality to Treat dEpression,RECRUITING,PHASE3,31,ESTIMATED,1,Ontario,ALL,18 Years,No upper limit,Treatment Resistant Depression,"Inclusion Criteria: Age ≥ 18, able to provide informed consent Patient diagnosed with treatment-resistant depression Out..."
NCT07269964,At-Home tDCS as Maintenance Therapy,RECRUITING,NA,30,ESTIMATED,2,Bavaria,ALL,18 Years,No upper limit,"MDD, Severe Depression, Major Depressive Episode","Inclusion Criteria: Adults (≥18 years). Diagnosis according to ICD-10: recurrent depressive disorder, severe depressive ..."
NCT06723743,Transcutaneous Vagus Nerve Stimulation for Attention and Memory,RECRUITING,NA,30,ESTIMATED,2,Texas,ALL,25 Years,64 Years,Traumatic Brain Injury (TBI) Patients,"Inclusion Criteria: Ages 25-64 Right-handedness Veterans with a history of deployment to Operation Iraqi Freedom (OIF), ..."
NCT06529029,Low Amplitude Pulse Seizure Therapy Versus Standard Ultra-Brief Right Unilateral Electroconvulsive Therapy,RECRUITING,"PHASE2, PHASE3",30,ESTIMATED,1,Michigan,ALL,18 Years,90 Years,"Suicidal Ideation, Major Depressive Disorder, Schizo Affective Disorder, Bipolar Disorder",Inclusion Criteria: 1. Patients in whom ECT is clinically indicated: The referrals to ECT by the primary psychiatrist (b...
NCT05686512,Initial Evaluation of a Stepped Care Model for Treating Mild to Moderate Childhood Anxiety in Primary Care,ACTIVE_NOT_RECRUITING,NA,30,ACTUAL,1,No US/listed site,ALL,7 Years,12 Years,Anxiety Disorder,Inclusion Criteria: The child is 7-12 years old. Confirmed by the caregiver and subsequently by the medical records. The...
NCT07775625,Central Auditory Processing Modulation Underlying Anxiety Reduction Using Clinically Designed Improvisatory Music,RECRUITING,NA,30,ESTIMATED,1,Illinois,ALL,55 Years,No upper limit,Alzheimer's Disease,"Inclusion Criteria Clinical diagnosis of Alzheimer's Disease Positive Alzheimer's disease biomarkers (blood test, amyloi..."
NCT07569458,Online Personalized Psychological Intervention for Patients With Heart Disease and Depression or Anxiety (MY-CHOICE),RECRUITING,NA,30,ESTIMATED,3,No US/listed site,ALL,18 Years,No upper limit,"Ischemic Heart Disease (IHD), Anxiety, Depression","Inclusion Criteria: ischemic heart disease (diagnostic codes I20-I25), referred for CR with a positive screen for depres..."
NCT07490782,Nutritional Intervention for College Students With Depression,RECRUITING,NA,30,ESTIMATED,1,California,ALL,18 Years,No upper limit,Depression - Major Depressive Disorder,Inclusion Criteria: Age ≥ 18 years and enrolled as a college student Symptoms of mild to moderate depression Receiving t...
NCT07017322,Non-invasive Cranial Electrical Stimulation for Mealtime Anxiety in Adults With Eating Disorders,RECRUITING,NA,30,ESTIMATED,1,Wisconsin,ALL,18 Years,30 Years,"Eating Disorders, Anxiety",Inclusion Criteria: 1. Age 18-30 years old at the time of enrollment 2. Enrolled in Rogers Behavioral Health Eating Diso...
NCT07707037,Removing Surrogates Uncertainty to Reduce Fear and Anxiety After Cardiac Events - Kids,RECRUITING,NA,30,ESTIMATED,1,Pennsylvania,ALL,0 Days,17 Years,"Cardiac Arrest, Anxiety Depression, Family Support","Inclusion Criteria: Caregiver 1. Caregiver of a child <17.5 years of age who had at least a 2 minute cardiac arrest, is ..."
NCT06931236,Clinical Efficacy and Mechanism of rTMS Based on dlPFC in the Intervention of Generalized Anxiety Disorder With Insomnia,ENROLLING_BY_INVITATION,NA,30,ESTIMATED,1,Anhui,ALL,15 Years,65 Years,"Generalized Anxiety Disorder (GAD), Insomnia, Repetitive Transcranial Magnetic Stimulation (rTMS)",Inclusion Criteria: 1. age between 15 and 65 years; 2. clinically diagnosed with anxiety according to the Diagnostic and...
NCT07550166,Mobile Application Mindfulness,ENROLLING_BY_INVITATION,NA,30,ESTIMATED,2,Florida,ALL,60 Years,No upper limit,"Stress, Anxiety, Depression, Psychological Distress, Mindfulness",Inclusion Criteria: Aged 60 years or older Self-identified as a Korean immigrant Able to read and understand Korean or E...
NCT07102147,Telehealth Collaborative Care Model (CoCM) in Lung Cancer,RECRUITING,NA,30,ESTIMATED,1,Pennsylvania,ALL,18 Years,No upper limit,"Lung Cancer (Diagnosis), Anxiety, Depression in Adults",Inclusion Criteria: Are aged 18 years or older. Are currently being seen by Penn Medicine Thoracic Oncology for lung can...
NCT06746922,Intermittent Theta Burst Stimulation in Fibromyalgia Syndrome,RECRUITING,NA,30,ESTIMATED,1,Karabaglar,ALL,18 Years,65 Years,"Fibromyalgia, Transcranial Magnetic Stimulation Repetitive, Pain",Inclusion Criteria: Being between the ages of 18-65 Being diagnosed with fibromyalgia syndrome (according to 2016 criter...
NCT06657807,Online Cognitive Behavior Therapy for Anxiety Related to Pediatric Asthma,ACTIVE_NOT_RECRUITING,NA,30,ESTIMATED,1,No US/listed site,ALL,8 Years,17 Years,"Asthma, Anxiety",Inclusion Criteria: Age 8-17 years A diagnosis of asthma made by a physician and confirmed by the parents Some anxiety r...
NCT06187454,Transcranial Direct Current Stimulation for Depression,RECRUITING,NA,30,ESTIMATED,1,No US/listed site,ALL,60 Years,No upper limit,Depressive Disorder,Inclusion Criteria: 1. Participants who meet the criteria of major depression defined by DSM-5 criteria 2. Participants ...
NCT04478305,Affect of Duavive on Mood & Anxiety Symptoms,RECRUITING,PHASE1,30,ESTIMATED,1,Ontario,FEMALE,45 Years,60 Years,"Menopause, Depression, Anxiety, Sleep, Menopause Related Conditions",Inclusion Criteria: Females between 45-60 years of age Able to communicate in English In perimenopause as defined by Wor...
NCT06787300,Stories That Empower Mothers and Postpartum Depression,RECRUITING,NA,30,ESTIMATED,1,No US/listed site,FEMALE,18 Years,No upper limit,Postpartum Depression,"Inclusion Criteria: First pregnancy, Singleton pregnancy, Gestational week between 24-32, Regular doctor follow-up, Scor..."
NCT07382323,Metacognitive Therapy Compared to Cognitive-behavioral Therapy,RECRUITING,NA,30,ESTIMATED,1,No US/listed site,ALL,18 Years,No upper limit,"Generalized Anxiety Disorder, Social Anxiety Disorder, Posttraumatic Stress Disorder (PTSD)","Inclusion Criteria: Age 18 years or older, A principal diagnosis of generalized anxiety disorder, social anxiety disorde..."
NCT07518953,Effect of Music on Pain and Anxiety During Nail Biopsies,RECRUITING,NA,30,ESTIMATED,1,New York,ALL,18 Years,No upper limit,"Procedural Anxiety, Pain",Inclusion Criteria: Male or female ≥18 years of age Scheduled to undergo nail biopsy at the Weill Cornell Medicine derma...
NCT04509102,Psychostimulant Augmentation of Repetitive TMS for the Treatment of Major Depressive Disorder,ENROLLING_BY_INVITATION,EARLY_PHASE1,30,ESTIMATED,1,California,ALL,18 Years,65 Years,Major Depressive Disorder,Inclusion Criteria: All subjects will be between the ages of 18-65 and will meet DSM-V criteria for a current episode of...
NCT07718646,Mobile Health Coping Intervention for Mothers Experiencing Food Insecurity,RECRUITING,NA,30,ESTIMATED,1,Oklahoma,ALL,18 Years,No upper limit,Food Insecurity,Inclusion Criteria: Reside in Oklahoma Identify as a woman or non-binary At least 18 years old Have a child under 18 yea...
NCT05302375,Developing and Testing an Online Pathway From Screening to Treatment for Depression in Oncology: iPath*D (Aim 2),ACTIVE_NOT_RECRUITING,NA,30,ESTIMATED,1,Vermont,ALL,18 Years,No upper limit,"Cancer, Depression",Inclusion criteria 1. Adults (≥18 years) 2. New patients who are beginning treatment at Dartmouth Cancer Center North an...
NCT06560736,Development of Novel Psychological Assessment Tools and Anxiety Intervention for Phenylketonuria,RECRUITING,NA,30,ESTIMATED,1,Missouri,ALL,10 Years,17 Years,Phenylketonurias,Inclusion Criteria: Youth 10-17 years old and at least one parent/guardian Formal diagnosis of PKU (as confirmed/reporte...
NCT06906939,A Randomized Pilot rTMS Trial for Knee Arthritis Pain and Depression,RECRUITING,EARLY_PHASE1,30,ESTIMATED,1,California,ALL,50 Years,95 Years,"Knee Osteoarthritis, Depression",Inclusion Criteria: • Age 50 or years older. Chronic pain as indicated by complaints of pain in one or more body regions...
NCT07682753,MH-POWER for College Students on the Spectrum,RECRUITING,NA,30,ESTIMATED,1,Texas,ALL,18 Years,30 Years,"Autistic College Students With Anxiety, Depression, Stress",Inclusion Criteria College students at The University of Texas Rio Grande Valley age 18-30 years self-reported autism di...
NCT07206199,Virtual Reality Exposure Therapy for Obsessive-Compulsive Disorder: Outpatients Trial,RECRUITING,NA,30,ESTIMATED,1,Česká Republika,ALL,18 Years,55 Years,Obsessive-compulsive Disorder,Inclusion Criteria: Diagnosis of OCD (F42) using currently valid DSM-V and ICD-11 Fluent in Czech Exclusion Criteria: An...
NCT07140575,rTMS for Youth Inpatients With Depression,RECRUITING,NA,30,ESTIMATED,1,Ontario,ALL,14 Years,19 Years,"Major Depression Moderate, Feasibility Studies","Inclusion Criteria: age 14-19 years primary diagnosis of major depressive disorder or of bipolar I or II disorder, curre..."
NCT05570721,"Depression, Aging, Stress and Heart Health Study",RECRUITING,NA,30,ESTIMATED,1,North Carolina,FEMALE,44 Years,55 Years,"Menopause, Depression, Heart Disease in Women, Stress",Inclusion Criteria: Women ages 44-55 in the late perimenopause reproductive phase. Perimenopausal status will be determi...
NCT05161819,Use Repetitive Transcranial Magnetic Stimulation to Treat Somatic Symptom Disorder,RECRUITING,NA,30,ESTIMATED,1,Yunlin,ALL,20 Years,70 Years,Somatic Symptom Disorder,Inclusion Criteria: Patient with somatic symptom disorder (confirmed by psychiatrists) Age 20-70 Exclusion Criteria: Hav...
NCT07185451,Efficacy and Safety of Transcranial Alternating Current Stimulation (tACS) Combined With Stable Medication in Adolescents With Depression,RECRUITING,NA,30,ESTIMATED,1,Chongqing Municipality,ALL,12 Years,18 Years,Depression - Major Depressive Disorder,"Inclusion Criteria: 1. Age 12-18 years. 2. Meet DSM-5 diagnostic criteria for a current depressive episode, as confirmed..."
NCT06472115,Parent-Mediated Intervention Targeting Insistence on Sameness for Autistic Children,RECRUITING,NA,30,ESTIMATED,1,California,ALL,6 Years,11 Years,"Autism Spectrum Disorder, Autism","Inclusion Criteria: 6:0 to 10:11 years at the time of consent diagnosed with ASD (based on history, review of available ..."
NCT07121894,Ketogenic Intervention for Bipolar Depression,RECRUITING,NA,30,ESTIMATED,1,Minnesota,ALL,18 Years,50 Years,Bipolar Depression,"Inclusion Criteria Age 18-50 years Willingness to change the current diet to a high fat, low carbohydrate diet Diagnosis..."
NCT07295444,A Clinical Study Evaluating the Efficacy and Safety of CreNeuriS CNS Herbal Nutrition Capsules for Participants With Mild Depressive Disorder Comorbid With Anxiety Disorder,ACTIVE_NOT_RECRUITING,NA,30,ESTIMATED,1,Jiangxi,ALL,18 Years,65 Years,Mild Depressive Disorder Comorbid With Anxiety Disorder,Inclusion Criteria: 1. Age between 18 and 65 years old (including 18 and 65); 2. Diagnosed with depression according to ...
NCT06658223,Effects of Immersive Virtual Reality in Fibromyalgia,ENROLLING_BY_INVITATION,NA,30,ESTIMATED,1,Biobio,ALL,18 Years,No upper limit,Fibromyalgia (FM),Inclusion Criteria: Males and females over 18 years of age with a diagnosis of fibromyalgia issued by a medical professi...
NCT07065669,Treating Adolescent Obsessive Compulsive Disorder With Transcranial Magnetic Stimulation,RECRUITING,NA,30,ESTIMATED,1,California,ALL,13 Years,17 Years,Obsessive-Compulsive Disorder,Inclusion Criteria: 1. outpatients 2. ages 13 - 17 years 3. meets current DSM-5 criteria for Obsessive Compulsive Disord...
NCT06922812,"IWLS for Major Depressive Disorder: An Open-Label Study of Safety, Tolerability, and Efficacy",ACTIVE_NOT_RECRUITING,NA,30,ESTIMATED,1,São Paulo,ALL,18 Years,65 Years,Major Depressive Disorder (MDD),"Inclusion Criteria: Age between 18 and 65 years; Current diagnosis of Major Depressive Disorder (MDD), confirmed by MINI..."
NCT05295888,Temporal Interference and Depression,RECRUITING,NA,30,ESTIMATED,1,Ontario,ALL,18 Years,65 Years,Major Depressive Disorder,Inclusion Criteria - Patients will be included if they: 1. provide written informed consent before initiation of any stu...
NCT06620276,ACT_for Alcohol Use Disorder and Depression,RECRUITING,NA,30,ESTIMATED,1,Quebec,ALL,18 Years,70 Years,"Depression - Major Depressive Disorder, Alcohol Use Disorder",Inclusion Criteria: Provision of written informed consent after reading and understanding the patient information handou...
NCT06493825,Mindfulness Application Effects on Mental Health Symptoms in Children With Severe Tinnitus and Misophonia,RECRUITING,NA,30,ESTIMATED,1,Colorado,ALL,10 Years,18 Years,"Tinnitus, Misophonia",Inclusion Criteria: Children between the ages of 10 to 18 years All genders and ethnicities Patients who meet criteria f...
NCT02568878,Creatine for Depressed Male and Female Methamphetamine Users,RECRUITING,PHASE3,29,ESTIMATED,1,Montana,ALL,18 Years,59 Years,"Depression, Anxiety, Methamphetamine Dependence","Inclusion Criteria: Current primary diagnosis of methamphetamine dependence or abuse, with methamphetamine preferred dru..."
NCT05370911,Effects of Repeated Psilocybin Dosing in OCD,ACTIVE_NOT_RECRUITING,PHASE1,28,ACTUAL,2,Connecticut,ALL,18 Years,65 Years,Obsessive-Compulsive Disorder,"Inclusion Criteria: 1. Primary DSM-5 diagnosis of OCD, with Y-BOCS-II score of 26 or greater at screening 2. Failed at l..."
NCT06881758,High Intensity Training for Patients with Anxiety,ENROLLING_BY_INVITATION,NA,26,ESTIMATED,1,No US/listed site,ALL,18 Years,65 Years,"Anxiety, Depression Anxiety Disorder, Blood Pressure Check (Hypertension Screening)","Inclusion Criteria: Patients with mild/moderate anxiety disorders, aged 18-60 years. Anxiety disorders in accordance wit..."
NCT07218250,"A Study of a One-Time Counseling Session to Help Reduce Depression, Anxiety, and Distress in People With Breast Cancer",RECRUITING,NA,26,ESTIMATED,7,"New Jersey, New York",FEMALE,18 Years,No upper limit,Breast Cancer,Inclusion Criteria: Patient must have pathologically confirmed breast cancer (per EMR). Patient with localized or advanc...
NCT05796752,Behavioral Treatment and Memantine in Body Focused Repetitive Behaviors,ACTIVE_NOT_RECRUITING,"PHASE2, PHASE3",26,ACTUAL,1,Illinois,ALL,18 Years,No upper limit,"Skin-Picking, Trichotillomania (Hair-Pulling Disorder)",Inclusion Criteria: Men and women ages 18+ Current DSM-5 diagnosis of trichotillomania (TTM) or skin picking disorder (S...
NCT05327387,Model-based Electrical Brain Stimulation,RECRUITING,NA,25,ESTIMATED,2,California,ALL,18 Years,No upper limit,Medication Refractory Epilepsy Patients With Electrodes Already Implanted Based on Clinical Criteria for Standard Monitoring,Inclusion Criteria: Patients being evaluated for surgical treatment of medication refractory epilepsy and brain tumors w...
NCT06725134,Impact of Therapy Dogs on Child Anxiety and Behavior During Local Anesthesia for Dental Procedures,RECRUITING,NA,25,ESTIMATED,1,Michigan,ALL,4 Years,12 Years,"Situational Anxiety, Behavior",Inclusion Criteria: Age range: children aged 4- to 12-years Health status: healthy children without significant medical ...
NCT07469358,iCBT for Adolescents Obsessive-compulsive Dissorder,ACTIVE_NOT_RECRUITING,NA,25,ESTIMATED,1,Barcelona,ALL,12 Years,17 Years,Obsessive Compulsive Disorder (OCD),"Inclusion Criteria: Age between 12 and 17 Internet access Principal diagnosis of OCD, based on DSM-5 Child Yale-Brown Ob..."
NCT05725239,taVNS or TMS or Both for Depression,RECRUITING,NA,24,ESTIMATED,1,South Carolina,ALL,18 Years,75 Years,Depression,Inclusion Criteria: 18-75 years old Undergoing cervical VNS or have tried and failed two antidepressant medications in t...
NCT06670040,Theta Burst Stimulation for Refractory Depression in Autism Spectrum Disorder,ACTIVE_NOT_RECRUITING,NA,24,ESTIMATED,1,Ohio,ALL,13 Years,26 Years,"ASD, Autism Spectrum Disorder, Autism, Depression - Major Depressive Disorder, MDD",Inclusion Criteria: 1. Fluent in English and able to volunteer in the informed consent process and provide spontaneous n...
NCT07163247,Effectiveness of Pet-Robotic Intervention in Intensive Care Unit Patients,RECRUITING,NA,24,ESTIMATED,1,No US/listed site,ALL,18 Years,No upper limit,"Spontaneous Breathing Trial in ICU, Spontaneous Breathing Trial",Inclusion Criteria: Aged 18 years or older with clear consciousness. Mechanical ventilation for more than 72 hours. Prev...
NCT06958081,tDCS and Musical Performance in Young Orchestra Musicians,ACTIVE_NOT_RECRUITING,NA,24,ESTIMATED,1,Rio de Janeiro,ALL,18 Years,30 Years,"Musical Performance, Neuromodulation, Performance Anxiety",Inclusion Criteria: Musicians aged 18 to 30 years. Minimum of 3 years of orchestral performance experience. Active parti...
NCT03519451,Use of a Smartphone Mobile Application (App) to Enhance Smoking Cessation Treatment,ACTIVE_NOT_RECRUITING,NA,24,ESTIMATED,1,Texas,ALL,18 Years,65 Years,"Depression, Tobacco Use Disorder, Current Every Day Smoker","Inclusion Criteria: MD Anderson patient between the ages of 18 to 65 Current smoker (i.e., at least 1 cigarette or e-cig..."
NCT06666400,Living Healthy for Moms RCT,ACTIVE_NOT_RECRUITING,NA,21,ACTUAL,4,New York,FEMALE,18 Years,No upper limit,"Postpartum Depression (PPD), Cardiac Event",Inclusion Criteria: Birthing individuals aged 18 years or older Delivery of singleton live birth; and Minority race (sel...
NCT07563868,Coaching as an Adjunct to Ketamine Therapy for Treatment-Resistant Depression,RECRUITING,NA,20,ESTIMATED,2,Massachusetts,ALL,18 Years,No upper limit,Treatment Resistant Depression (TRD),Inclusion Criteria: 1. Age 18 years or older at the time of informed consent/study enrollment. 2. Ability to understand ...
NCT07024979,Music Therapy's Impact on University Students' Social and Mental Health,RECRUITING,NA,20,ESTIMATED,1,No US/listed site,FEMALE,18 Years,35 Years,"Depressive Symptoms, Anxiety, Stress",Inclusion Criteria: (1) adults who aged between 18-40 (2) without any mental diagnosis (3) able to speak and read Mandar...
NCT06989593,Breaking Silence Through Story: A Narrative Medicine Intervention for Parents of Children With Urogenital Conditions,RECRUITING,NA,20,ESTIMATED,1,Massachusetts,ALL,18 Years,No upper limit,"DSD, Hypospadias",Inclusion Criteria: Parent or legal guardian of a child (age 0-17 years) diagnosed with a urogenital condition (such as ...
NCT06261177,Take-home Functional Electrical Stimulation for MDD,ACTIVE_NOT_RECRUITING,NA,20,ACTUAL,1,Ontario,ALL,18 Years,No upper limit,MDD,Inclusion Criteria: 1. Meet the DSM-5 criteria for unipolar MDD with a current major depressive episode (MDE) without ps...
NCT06274034,MUSE-S Headband System for Improving Anxiety and Insomnia Among Breast Cancer Survivors,RECRUITING,EARLY_PHASE1,20,ESTIMATED,1,Minnesota,FEMALE,18 Years,80 Years,Breast Carcinoma,Inclusion Criteria: Age between 18-80 Breast cancer first diagnosed with stage 1-4 breast cancer in the past 10 years Pa...
NCT06801041,TRIPS - Treatment to Improve Depression and/or Anxiety Using Psilocybin-assisted Psychotherapy in Cancer Survivors,RECRUITING,PHASE2,20,ESTIMATED,1,Texas,ALL,18 Years,No upper limit,"Depression, Anxiety, Cancer",Inclusion Criteria: 1. Subjects must have solid or hematological malignancy that does not involve the brain. 2. Document...
NCT06986122,Virtual Contexts for Affective Modulation,RECRUITING,NA,20,ESTIMATED,1,New Hampshire,ALL,18 Years,55 Years,"Pain Control, Anxiety, Memory","No self-reported current or history of depression, bipolar disorder, or other psychiatric diagnosis No self-reported cur..."
NCT05207085,Efficacy of Valbenazine for the Treatment of Trichotillomania in Adults,RECRUITING,PHASE2,20,ESTIMATED,1,Connecticut,ALL,18 Years,65 Years,Trichotillomania (Hair-Pulling Disorder),Inclusion Criteria: 1. Have documentation of written and witnessed consent from the subject. 2. Male or female adult bet...
NCT06247839,The Effects of Psilocybin on Self-Focus and Self-Related Processing in Major Depressive Disorder,RECRUITING,PHASE3,20,ESTIMATED,1,Massachusetts,ALL,18 Years,55 Years,Major Depressive Disorder,Inclusion Criteria: 1. Must be able to sign the informed consent form (ICF). Participants will demonstrate capacity to p...
NCT07599930,Impact of a Novel Functional Snack on Perimenopausal Symptoms and Well-being,RECRUITING,NA,20,ESTIMATED,1,London,FEMALE,40 Years,55 Years,"Perimenopause, Perimenopause-Related Depression, Mood, Sleep, Quality of Life, Gut -Microbiota","Inclusion Criteria: Adults aged 40 to 55 Score 14 or higher on the Menopause Rating Scale For intervention purposes, eli..."
NCT04754061,PSilocybin for psYCHological and Existential Distress in PALliative Care (PSYCHED-PAL),ACTIVE_NOT_RECRUITING,"PHASE1, PHASE2",20,ESTIMATED,2,Ontario,ALL,18 Years,No upper limit,"Depression, Anxiety, Distress, Emotional","Inclusion Criteria: 1. Patients >/=18 years of age 2. Advanced illness under palliative care management, defined as havi..."
NCT06921512,TCM Daoyin for Anxiety/Depression: Psychological Effects and Biological Mechanisms,RECRUITING,NA,20,ESTIMATED,1,No US/listed site,ALL,18 Years,65 Years,"Anxiety Symptom, Depression Symptom","Inclusion Criteria: Primary symptoms of anxiety and depression, with a Hamilton Anxiety Rating Scale (HAMA-14) score bet..."
NCT07223346,Latinas Integrating Fitness and Therapy,RECRUITING,NA,20,ESTIMATED,1,Colorado,FEMALE,18 Years,No upper limit,"Stepped Care Cognitive Behavioral Therapy, Exercise, Physical Activity, Anxiety Depression",Inclusion Criteria: 1) currently undergoing or within 6-months of completing primary cancer(s) (2) self-identify as Lati...
NCT05773755,DBS for TRD With the Medtronic Percept PC,RECRUITING,NA,20,ESTIMATED,1,New York,ALL,25 Years,70 Years,"Major Depressive Disorder, Treatment Resistant Depression",Inclusion Criteria: Age 25-70 years old. Ability to provide written informed consent. Primary psychiatric diagnosis of M...
NCT06187090,The Supplementation Therapy in Autism and Response to Treatment Study,RECRUITING,NA,20,ESTIMATED,1,UD,ALL,18 Years,35 Years,"Autism, Autism Spectrum Disorder, Autism Spectrum Disorder High-Functioning, Asperger Syndrome, Depressive Symptoms, Anxiety State","Inclusion Criteria: Individuals diagnosed with Level 1 ASD, as defined using Diagnostic and Statistical Manual of Mental..."
NCT07082777,Recovery in Telling Life Stories,ACTIVE_NOT_RECRUITING,NA,20,ESTIMATED,1,No US/listed site,ALL,18 Years,65 Years,"Schizophrenia Disorders, Personality Disorders, Obsessive - Compulsive Disorder, Anxiety Disorders, Recurrent Depressive Disorder, PTSD - Post Traumatic Stress Disorder, Hyperkinetic Disorders, Eating Disorders, Bipolar Disorders, Aspergers Syndrome",Inclusion Criteria: Adults between the ages of 18 and 65 years A self-reported principal diagnosis of one or more of the...
NCT06088732,"Effects of Acute Exercise and Ibuprofen on Symptoms, Immunity, and Neural Circuits in Bipolar Depression",RECRUITING,"PHASE1, PHASE2",20,ESTIMATED,1,Oklahoma,ALL,18 Years,55 Years,Bipolar Depression,Inclusion Criteria: 1. Provision of signed and dated informed consent form 2. Has an established residence and phone 3. ...
NCT07218055,Assessment of Music Experiences in Navigating Depression Part 2,RECRUITING,NA,20,ESTIMATED,1,New York,ALL,7 Years,15 Years,Depression,Inclusion Criteria: Must indicate depression -or symptoms thereof by parent in writing We are including children only in...
NCT07198594,Accelerated rTMS Therapeutic Approach for Refractory Obsessive-Compulsive Disorder,RECRUITING,NA,20,ESTIMATED,1,Shanghai Municipality,ALL,18 Years,60 Years,"Obsessive Compulsive Disorder (OCD), Obsessive - Compulsive Disorder",Inclusion Criteria: Volunteer subjects with Obsessive Compulsive Disorders (OCD) according to the Diagnostic and Statist...
NCT06521398,Postpartum Care in the NICU (PeliCaN) Transitions,RECRUITING,NA,20,ESTIMATED,1,Pennsylvania,FEMALE,16 Years,No upper limit,"Stress Disorders, Post-Traumatic, Premature Birth, Postpartum Depression, Postpartum Anxiety",Inclusion Criteria: HUP postpartum patients who are at least 16 years old at the time their newborns' birth Infant born ...
NCT07183748,Psilocybin Microdosing With Psychotherapy for Treatment-Resistant Depression,RECRUITING,PHASE2,20,ESTIMATED,1,No US/listed site,ALL,18 Years,65 Years,Treatment Resistant Depression,Inclusion Criteria: Age range between 18-65 years. Diagnosis of treatment-resistant major depression as defined by the D...
NCT07546526,VR-relaxation for ECT-related Anxiety,ENROLLING_BY_INVITATION,NA,20,ESTIMATED,1,No US/listed site,ALL,18 Years,75 Years,ECT-related Anxiety,"Inclusion Criteria: Age 18-75 years Being treated with ECT, having had at least two sessions at study start Able to unde..."
NCT03748446,Xenon Inhalation Therapy for Major Depressive Disorder and Bipolar Disorder,ACTIVE_NOT_RECRUITING,EARLY_PHASE1,20,ESTIMATED,1,Massachusetts,ALL,18 Years,65 Years,"Major Depressive Disorder, Bipolar Depression","Inclusion Criteria: Patient who meets DSM-V Criteria for MDD or Bipolar Depression (according to DSM-V), as the primary ..."
NCT07504094,"Active Coping: Interdisciplinary Program for Chronic Pain, Physiotherapy Unit (Spain)",ACTIVE_NOT_RECRUITING,NA,20,ESTIMATED,2,Aragon,ALL,18 Years,No upper limit,"Chronic Back Pain, Chronic Pain, Back Pain, Low Back Pain, Chronic, Musculoskeletal Pain, Kinesiophobia",Inclusion Criteria: Adult (18 years or older) Diagnosis of non-oncological chronic back pain Referred from Primary Care ...
NCT06096207,DBS for Depression,RECRUITING,PHASE1,20,ESTIMATED,1,New York,ALL,18 Years,65 Years,Treatment Resistant Depression,Inclusion Criteria: 1. Major Depression Disorder (MDD) or Bipolar Disorder (I /II) diagnosed by Structured Clinical Inte...
NCT07537062,"The EFFECT of VİRTUAL REALİTY HEADSETS on ANXİETY, FEAR and PHYSİOLOGICAL PARAMETERS in CHİLDREN With CANCER UNDERGOİNG INTRATHECAL CHEMOTHERAPY",RECRUITING,NA,20,ESTIMATED,1,No US/listed site,ALL,4 Years,10 Years,Pediatric Cancer,"Inclusion Criteria: 1. outside the 4-10 age range, 2. have a chronic or genetic illness, 3. have an intellectual, visual..."
NCT06231927,Feasibility of SOLAR Group Program Among MHPSS Workers After the Earthquake,ACTIVE_NOT_RECRUITING,NA,20,ESTIMATED,1,No US/listed site,ALL,18 Years,No upper limit,"Psychological Distress, Secondary Trauma, Depression, Anxiety",Inclusion Criteria: at least 18 years of age actively working as an MHPSS worker who provides psychosocial support to th...
NCT05491538,Acceptability and Feasibility of Work-Oriented Social-Cognitive Skills Training for Veterans With Serious Mental Illness,RECRUITING,NA,20,ESTIMATED,1,Minnesota,ALL,18 Years,No upper limit,"Schizophrenia, Bipolar Disorder, Depressive Disorder, Major, Stress Disorder, Post-Traumatic",Inclusion Criteria: Veterans who are outpatients and enrolled to receive supported services at the Minneapolis VA Health...
NCT06138782,Identifying Networks Underlying Compulsivity in Anorexia Nervosa for Targeting With Neuromodulation,ACTIVE_NOT_RECRUITING,NA,20,ESTIMATED,1,California,ALL,16 Years,75 Years,Anorexia Nervosa,"Inclusion Criteria: outpatients ages 16 - 75 for Aim 2 meets Diagnostic and Statistical Manual of Mental Disorders, Fift..."
NCT06112067,Efficacy and Safety of Combo-stim Deep Brain Stimulation for Treatment-refractory Mental Disorders,RECRUITING,NA,18,ESTIMATED,1,No US/listed site,ALL,18 Years,65 Years,Deep Brain Stimulation,"Inclusion Criteria: 1. Treatment refractory obsessive-compulsive disorder: 1. Aged 18~65 when signing informed consent, ..."
NCT07188155,Adapting Exposure for Adolescent AN,RECRUITING,NA,16,ESTIMATED,1,Pennsylvania,ALL,14 Years,17 Years,Anorexia Nervosa,Inclusion Criteria: Has a diagnosis of anorexia nervosa (AN) English speaking Mentally stable for an outpatient level of...
NCT06518720,Treatment With Psilocybin for Chronic Neuropathic Pain and Depression (TRANSCEND),RECRUITING,PHASE2,16,ESTIMATED,1,Ontario,ALL,18 Years,65 Years,"Treatment Resistant Depression, Chronic Pain",Inclusion Criteria: 1. Adults 18 to 65 years old; 2. Are outpatients; 3. Must be deemed to have capacity to provide info...
NCT02046330,Deep Brain Stimulation (DBS) Therapy for Treatment Resistant Depression,ACTIVE_NOT_RECRUITING,NA,16,ESTIMATED,1,Texas,ALL,22 Years,70 Years,"Major Depressive Disorder, Treatment Resistant Depression",Inclusion Criteria: 1. Major Depression Disorder (MDD) diagnosed by Structured Clinical Interview for DSM-IV (SCID I/DSM...
NCT03918577,Caloric Vestibular Stimulation for Modulation of Insight in Obsessive-Compulsive Spectrum Disorders,RECRUITING,NA,16,ESTIMATED,1,California,ALL,18 Years,65 Years,"Obsessive-Compulsive Disorder, Body Dysmorphic Disorders, Illness Anxiety Disorder","Inclusion Criteria: Age 18-65 Primary diagnosis of Obsessive-Compulsive Disorder, Body Dysmorphic Disorder, Illness Anxi..."
NCT04882839,"Evaluating the Feasibility, Safety and Efficacy of Psychotherapy Assisted Psilocybin for Treatment of Severe OCD",RECRUITING,PHASE2,15,ESTIMATED,1,No US/listed site,ALL,18 Years,65 Years,Obsessive-compulsive Disorder,Inclusion Criteria: 1. DSM-5 diagnosis of OCD established by a trained clinician interview and confirmed by Mini Interna...
NCT07460479,Pilot Study of an Extended CBT Group Intervention for Intolerance of Uncertainty,RECRUITING,NA,15,ESTIMATED,1,No US/listed site,ALL,18 Years,29 Years,Anxiety,Inclusion Criteria: Be an undergraduate/graduate student (including preparatory class) Experience difficulties related t...
NCT06999330,TMS in Anxiety-Parkinson's Disease,ENROLLING_BY_INVITATION,NA,15,ESTIMATED,1,Minnesota,ALL,40 Years,90 Years,"Parkinsons Disease (PD), Anxiety","Inclusion Criteria: 1. Subject has Idiopathic PD defined by the cardinal sign, bradykinesia, plus the presence of at lea..."
NCT06069843,Single-dose Ketamine Treatment to Improve Depression in Mild Cognitive Impairment,ACTIVE_NOT_RECRUITING,PHASE2,15,ACTUAL,1,New York,ALL,50 Years,90 Years,"Depression, Mild Cognitive Impairment",Inclusion Criteria: Age 50-90 Able to give consent Montgomery Asberg Depression Rating Scale (MADRS) score of ≥20 consis...
NCT00737399,Anxiety and Depression Levels in Cancer Patients After Self-Application of EFT (Emotional Freedom Techniques),ACTIVE_NOT_RECRUITING,EARLY_PHASE1,14,ESTIMATED,1,California,ALL,18 Years,89 Years,Depression,Inclusion Criteria: Diagnosis of cholangiocarcinoma Ability to complete forms and attend phone coaching sessions Exclusi...
NCT07364799,Effectiveness of the SoundHeal Multi-Sensory Integrative Therapy Among Justice-Involved Youth,RECRUITING,NA,12,ESTIMATED,1,California,ALL,12 Years,18 Years,"Emotional Dysregulation, Therapeutic Alliance, Depression Disorder, Anxiety Disorders, Stress Disorders, Substance Use Disorders, Mental Health Disorders",Inclusion Criteria: Age: Youth 12-18 years old. All participants enrolled in this study will be under the age of 18 at t...
NCT07143838,Enhancing Slow Wave Sleep in Depression,RECRUITING,NA,12,ESTIMATED,1,North Carolina,ALL,40 Years,80 Years,Depression - Major Depressive Disorder,Inclusion Criteria: Ability to complete overnight sleep study including placement of EEG leads Ability to read and under...
NCT03437928,DBS for Depression,RECRUITING,NA,12,ESTIMATED,2,Texas,ALL,22 Years,70 Years,Major Depressive Disorder,Inclusion Criteria: 1. Men and women (non-pregnant) between ages 22 and 70; 2. DSM-5 diagnosis (assessed by Structured C...
NCT06633263,Combined Effect of TCC-I and BATD on Depressive Symptoms and Insomnia,ENROLLING_BY_INVITATION,NA,12,ESTIMATED,1,No US/listed site,ALL,18 Years,67 Years,"Depression - Major Depressive Disorder, Insomnia",Inclusion Criteria: Participants will be adults with depression (PhQ 9 &gt; 10; cut-off for moderate depression) and ins...
NCT07396272,A Clinical Trial of Add-on Oral Slow-release Ketamine Treatment in Major Depression,ACTIVE_NOT_RECRUITING,PHASE2,12,ESTIMATED,1,Skåne County,ALL,18 Years,75 Years,Major Depressive Disorder (MDD),Inclusion Criteria: The subject has given their written consent to participate in the trial. BMI ≥ 18 and ≤ 35 kg/m2. Pr...
NCT04004169,Closed-Loop Deep Brain Stimulation for Major Depression,RECRUITING,NA,12,ESTIMATED,1,California,ALL,22 Years,70 Years,Major Depressive Disorder,Inclusion Criteria: Age 22-70 Meet the Diagnostic and Statistical Manual of Mental Disorders (DSM-V) diagnostic criteria...
NCT07224126,Technology Assisted Treatment of Trichotillomania: Open Trial,RECRUITING,NA,10,ESTIMATED,1,Ohio,ALL,18 Years,No upper limit,Trichotillomania,Inclusion Criteria: 18 years of age (criterion 1a) with a diagnosis of TTM (criterion 1b) Must reportEnglish as their pr...
NCT07558148,OCD LIFU Target Engagement,RECRUITING,NA,10,ESTIMATED,1,Pennsylvania,ALL,18 Years,60 Years,Obsessive Compulsive Disorder (OCD),Inclusion Criteria: 1. Participants must be enrolled in the IRB #853085 study The inclusion criteria for the IRB #853085...
NCT06218030,Adjunctive Treatment With L-methylfolate for Treatment-Resistant Generalized Anxiety Disorder: a Pilot Study,RECRUITING,PHASE4,10,ESTIMATED,1,Ontario,ALL,18 Years,65 Years,Generalized Anxiety Disorder,Inclusion Criteria: Adults. Patients on a stable dose of an selective serotonin uptake inhibitors (SSRI) or serotonin an...
NCT06919783,Adapting a Health at Every Size Intervention to Obstetric Care,ACTIVE_NOT_RECRUITING,NA,10,ESTIMATED,1,Massachusetts,FEMALE,18 Years,50 Years,Weight Stigma,"Inclusion Criteria: Individuals who are between 18 and 50 years of age, have a BMI >30 kg/m2, and are in the first trime..."
NCT06596447,Neurophysiological Investigation of the Approach-avoidance Axis in OCD: Applications to Neuromodulation,RECRUITING,NA,10,ESTIMATED,2,Texas,ALL,22 Years,64 Years,"Obsessive Compulsive Disorder (OCD), Neuromodulation",Inclusion Criteria: 1. Principal diagnosis of OCD per DSM-5; 2. Adult between ages 22 and 64; 3. At least a five-year hi...
NCT06597695,A Ketamine-assisted Group Therapy Intervention for Spanish-speaking Adults With Depression,RECRUITING,"PHASE1, PHASE2",10,ESTIMATED,1,Massachusetts,ALL,18 Years,64 Years,Depression,"Inclusion Criteria: 1. Self-identifying Latinx, Spanish-speaking 2. Adults 18-64 years 3. Meet DSM-5 criteria for major ..."
NCT05976945,Imagery Rescripting as Treatment for Depression,ACTIVE_NOT_RECRUITING,NA,10,ESTIMATED,1,No US/listed site,ALL,18 Years,65 Years,"Major Depressive Disorder, Persistent Depressive Disorder",Inclusion Criteria: Primary diagnosis of MDD as assessed with the Structured Clinical Interview for Diagnostic and Stati...
NCT06647589,Acceptance and Commitment Therapy for Religious OCD,RECRUITING,NA,10,ESTIMATED,1,Alabama,ALL,18 Years,No upper limit,Obsessive-Compulsive Disorder (OCD),Inclusion Criteria: 18 years old Meet cutoff scores for scrupulosity Exclusion Criteria: Presence of psychotic symptoms ...
NCT04040062,Spectral TMS (s-TMS),ENROLLING_BY_INVITATION,NA,10,ESTIMATED,1,California,ALL,18 Years,65 Years,Major Depressive Disorder,Inclusion Criteria: All subjects must be over between 18-65 years of age. Must have confirmed diagnosis of severe Major ...
NCT05577598,Glucose Consumption During Deep Brain Stimulation With Functional [18F]FDG-Brain-PET in Obsessive-Compulsive Disorder,RECRUITING,NA,8,ESTIMATED,1,State of Vienna,ALL,18 Years,75 Years,"Obsessive-Compulsive Disorder, Psychiatric Disorder",Inclusion Criteria: a score of 25 or higher on the Yale-Brown Obsessive Compulsive Scale previous failure to respond to ...
NCT07778433,BasketballRx: Game Changing Health,ACTIVE_NOT_RECRUITING,NA,8,ACTUAL,2,Pennsylvania,ALL,10 Years,15 Years,"Pediatric Obesity, Pediatric Overweight, Anxiety, Depression Disorders, Childhood Obesity, Childhood Overweight, Mental Health, Adolescent Obesity",INCLUSION CRITERIA: Ages 10 years old to 15 years old. BMI 85th percentile or higher Patient at the Penn State Health Fa...
NCT06759558,Allopregnanolone (Zuranolone) in Post-stroke Depression,RECRUITING,PHASE2,6,ESTIMATED,1,North Carolina,ALL,21 Years,65 Years,Post Stroke Depression,Inclusion Criteria: 21-65 years old of any sex and race/ethnicity Clinical ischemic or hemorrhagic acute stroke (confirm...
NCT05251454,Studying the Effects of Brain Stimulation on Cognitive Control and Associated EEG in Human Subjects.,ACTIVE_NOT_RECRUITING,NA,5,ESTIMATED,1,Ohio,ALL,18 Years,70 Years,Cognitive Deficit,Inclusion Criteria: Adult patients who are undergoing electroencephalographic (EEG) monitoring as part of a standard cli...
NCT05032105,The Impact of Focused Ultrasound Thalamotomy of the Anterior Nucleus for Focal-Onset Epilepsy on Anxiety,ACTIVE_NOT_RECRUITING,PHASE1,2,ACTUAL,1,Ohio,ALL,18 Years,65 Years,"Anxiety, Medication-refractory Focal-onset Epilepsy","Inclusion Criteria: Disabling, medically refractory epilepsy (≥2 anti-epileptic drug failures). Focal onset seizures wit..."
NCT07531004,"Effect of Progressive Relaxation Exercises on Sleep, Anxiety, and Body Image in Burn Patients",ACTIVE_NOT_RECRUITING,NA,1,ESTIMATED,1,Bağcılar,ALL,18 Years,No upper limit,"Burn (Disorder), Patient",Inclusion Criteria: Voluntary participation in the study Aged 18 years or older Second-degree burn wound Having a smartp...
